{
  "type": "FeatureCollection",
  "features": [
    {
      "type": "Feature",
      "geometry": {
        "type": "Point",
        "coordinates": [
          34.75,
          31.5
        ]
      },
      "properties": {
        "title": "Israel",
        "status": "fruehwarnung",
        "date": "2026-02-01",
        "summary": "Automatisch extrahierte News-Ortsnennung (GDELT).",
        "why_it_matters": "Fallback, damit die Karte nicht leer ist. Angaben koennen falsch/ungenau sein.",
        "sources": [
          "https://images.moneycontrol.com/static-mcnews/2026/01/20260131115954_israelstrikes.png"
        ],
        "country": "",
        "region": "",
        "source": "GDELT GEO 2.0",
        "location_precision": "point",
        "confidence": 0.35
      }
    },
    {
      "type": "Feature",
      "geometry": {
        "type": "Point",
        "coordinates": [
          100.0,
          60.0
        ]
      },
      "properties": {
        "title": "Russia",
        "status": "fruehwarnung",
        "date": "2026-02-01",
        "summary": "Automatisch extrahierte News-Ortsnennung (GDELT).",
        "why_it_matters": "Fallback, damit die Karte nicht leer ist. Angaben koennen falsch/ungenau sein.",
        "sources": [
          "https://unn.ua/img/2025/04/11/1744366655-1325-large.webp"
        ],
        "country": "",
        "region": "",
        "source": "GDELT GEO 2.0",
        "location_precision": "point",
        "confidence": 0.35
      }
    },
    {
      "type": "Feature",
      "geometry": {
        "type": "Point",
        "coordinates": [
          53.0,
          32.0
        ]
      },
      "properties": {
        "title": "Iran",
        "status": "fruehwarnung",
        "date": "2026-02-01",
        "summary": "Automatisch extrahierte News-Ortsnennung (GDELT).",
        "why_it_matters": "Fallback, damit die Karte nicht leer ist. Angaben koennen falsch/ungenau sein.",
        "sources": [
          "https://aawsat.com/files/pdf/issue17232/files/assets/html/skin/images/fbThumb.jpg"
        ],
        "country": "",
        "region": "",
        "source": "GDELT GEO 2.0",
        "location_precision": "point",
        "confidence": 0.35
      }
    },
    {
      "type": "Feature",
      "geometry": {
        "type": "Point",
        "coordinates": [
          32.0,
          49.0
        ]
      },
      "properties": {
        "title": "Ukraine",
        "status": "fruehwarnung",
        "date": "2026-02-01",
        "summary": "Automatisch extrahierte News-Ortsnennung (GDELT).",
        "why_it_matters": "Fallback, damit die Karte nicht leer ist. Angaben koennen falsch/ungenau sein.",
        "sources": [
          "https://gdb.rferl.org/8c1a786d-2263-4a9b-4898-08de3c91433d_cx0_cy32_cw0_w1200_h630.jpg"
        ],
        "country": "",
        "region": "",
        "source": "GDELT GEO 2.0",
        "location_precision": "point",
        "confidence": 0.35
      }
    },
    {
      "type": "Feature",
      "geometry": {
        "type": "Point",
        "coordinates": [
          34.3333,
          31.4167
        ]
      },
      "properties": {
        "title": "Gaza, Israel (General), Israel",
        "status": "fruehwarnung",
        "date": "2026-02-01",
        "summary": "Automatisch extrahierte News-Ortsnennung (GDELT).",
        "why_it_matters": "Fallback, damit die Karte nicht leer ist. Angaben koennen falsch/ungenau sein.",
        "sources": [
          "https://images.moneycontrol.com/static-mcnews/2026/01/20260131115954_israelstrikes.png"
        ],
        "country": "",
        "region": "",
        "source": "GDELT GEO 2.0",
        "location_precision": "point",
        "confidence": 0.35
      }
    },
    {
      "type": "Feature",
      "geometry": {
        "type": "Point",
        "coordinates": [
          105.0,
          35.0
        ]
      },
      "properties": {
        "title": "China",
        "status": "fruehwarnung",
        "date": "2026-02-01",
        "summary": "Automatisch extrahierte News-Ortsnennung (GDELT).",
        "why_it_matters": "Fallback, damit die Karte nicht leer ist. Angaben koennen falsch/ungenau sein.",
        "sources": [
          "https://www.deshbandhu.co.in/h-upload/2026/02/01/85396-douglas-mcgregor.jpg"
        ],
        "country": "",
        "region": "",
        "source": "GDELT GEO 2.0",
        "location_precision": "point",
        "confidence": 0.35
      }
    },
    {
      "type": "Feature",
      "geometry": {
        "type": "Point",
        "coordinates": [
          37.6156,
          55.7522
        ]
      },
      "properties": {
        "title": "Moscow, Moskva, Russia",
        "status": "fruehwarnung",
        "date": "2026-02-01",
        "summary": "Automatisch extrahierte News-Ortsnennung (GDELT).",
        "why_it_matters": "Fallback, damit die Karte nicht leer ist. Angaben koennen falsch/ungenau sein.",
        "sources": [
          "https://unn.ua/img/2025/04/11/1744366655-1325-large.webp"
        ],
        "country": "",
        "region": "",
        "source": "GDELT GEO 2.0",
        "location_precision": "point",
        "confidence": 0.35
      }
    },
    {
      "type": "Feature",
      "geometry": {
        "type": "Point",
        "coordinates": [
          30.0,
          27.0
        ]
      },
      "properties": {
        "title": "Egypt",
        "status": "fruehwarnung",
        "date": "2026-02-01",
        "summary": "Automatisch extrahierte News-Ortsnennung (GDELT).",
        "why_it_matters": "Fallback, damit die Karte nicht leer ist. Angaben koennen falsch/ungenau sein.",
        "sources": [
          "https://imagenes.heraldo.es/files/image_1920_1080/uploads/imagenes/2026/01/31/israel-palestinians.jpeg"
        ],
        "country": "",
        "region": "",
        "source": "GDELT GEO 2.0",
        "location_precision": "point",
        "confidence": 0.35
      }
    },
    {
      "type": "Feature",
      "geometry": {
        "type": "Point",
        "coordinates": [
          10.5,
          51.5
        ]
      },
      "properties": {
        "title": "Germany",
        "status": "fruehwarnung",
        "date": "2026-02-01",
        "summary": "Automatisch extrahierte News-Ortsnennung (GDELT).",
        "why_it_matters": "Fallback, damit die Karte nicht leer ist. Angaben koennen falsch/ungenau sein.",
        "sources": [
          "https://tv.assets.pressassociation.io/8fdec66f-01dc-54f9-85f9-9cc202e35079.jpg"
        ],
        "country": "",
        "region": "",
        "source": "GDELT GEO 2.0",
        "location_precision": "point",
        "confidence": 0.35
      }
    },
    {
      "type": "Feature",
      "geometry": {
        "type": "Point",
        "coordinates": [
          51.5148,
          35.75
        ]
      },
      "properties": {
        "title": "Tehran, Tehran, Iran",
        "status": "fruehwarnung",
        "date": "2026-02-01",
        "summary": "Automatisch extrahierte News-Ortsnennung (GDELT).",
        "why_it_matters": "Fallback, damit die Karte nicht leer ist. Angaben koennen falsch/ungenau sein.",
        "sources": [
          "https://static.dagospia.com/img/patch/01-2026/donald-trump-ali-khamenei-iran-2225368_600_q50.webp"
        ],
        "country": "",
        "region": "",
        "source": "GDELT GEO 2.0",
        "location_precision": "point",
        "confidence": 0.35
      }
    },
    {
      "type": "Feature",
      "geometry": {
        "type": "Point",
        "coordinates": [
          34.2369,
          31.2878
        ]
      },
      "properties": {
        "title": "Rafah, Shamal Sina', Egypt",
        "status": "fruehwarnung",
        "date": "2026-02-01",
        "summary": "Automatisch extrahierte News-Ortsnennung (GDELT).",
        "why_it_matters": "Fallback, damit die Karte nicht leer ist. Angaben koennen falsch/ungenau sein.",
        "sources": [
          "https://static.ffx.io/images/$zoom_0.1325%2C$multiply_0.7554%2C$ratio_1.777778%2C$width_1059%2C$x_0%2C$y_96/t_crop_custom/q_86%2Cf_auto/ffe008bd4bb3d47cb05f3c1b93810fb0a71a8039"
        ],
        "country": "",
        "region": "",
        "source": "GDELT GEO 2.0",
        "location_precision": "point",
        "confidence": 0.35
      }
    },
    {
      "type": "Feature",
      "geometry": {
        "type": "Point",
        "coordinates": [
          -77.0364,
          38.8951
        ]
      },
      "properties": {
        "title": "Washington, Washington, United States",
        "status": "fruehwarnung",
        "date": "2026-02-01",
        "summary": "Automatisch extrahierte News-Ortsnennung (GDELT).",
        "why_it_matters": "Fallback, damit die Karte nicht leer ist. Angaben koennen falsch/ungenau sein.",
        "sources": [
          "https://cdnn1.inosmi.ru/images/sharing/article/276894337.jpg"
        ],
        "country": "",
        "region": "",
        "source": "GDELT GEO 2.0",
        "location_precision": "point",
        "confidence": 0.35
      }
    },
    {
      "type": "Feature",
      "geometry": {
        "type": "Point",
        "coordinates": [
          38.0,
          35.0
        ]
      },
      "properties": {
        "title": "Syria",
        "status": "fruehwarnung",
        "date": "2026-02-01",
        "summary": "Automatisch extrahierte News-Ortsnennung (GDELT).",
        "why_it_matters": "Fallback, damit die Karte nicht leer ist. Angaben koennen falsch/ungenau sein.",
        "sources": [
          "https://static.srpcdigital.com/styles/1200x600/public/2026-01/1366138_0.png.webp"
        ],
        "country": "",
        "region": "",
        "source": "GDELT GEO 2.0",
        "location_precision": "point",
        "confidence": 0.35
      }
    },
    {
      "type": "Feature",
      "geometry": {
        "type": "Point",
        "coordinates": [
          138.0,
          36.0
        ]
      },
      "properties": {
        "title": "Japan",
        "status": "fruehwarnung",
        "date": "2026-02-01",
        "summary": "Automatisch extrahierte News-Ortsnennung (GDELT).",
        "why_it_matters": "Fallback, damit die Karte nicht leer ist. Angaben koennen falsch/ungenau sein.",
        "sources": [
          "https://images.unian.net/photos/2021_07/thumb_files/620_324_1625308935-6964.jpg?1"
        ],
        "country": "",
        "region": "",
        "source": "GDELT GEO 2.0",
        "location_precision": "point",
        "confidence": 0.35
      }
    },
    {
      "type": "Feature",
      "geometry": {
        "type": "Point",
        "coordinates": [
          30.5167,
          50.4333
        ]
      },
      "properties": {
        "title": "Kiev, Ukraine (General), Ukraine",
        "status": "fruehwarnung",
        "date": "2026-02-01",
        "summary": "Automatisch extrahierte News-Ortsnennung (GDELT).",
        "why_it_matters": "Fallback, damit die Karte nicht leer ist. Angaben koennen falsch/ungenau sein.",
        "sources": [
          "https://gdb.rferl.org/01f3c6ef-b344-48fc-c0eb-08de3c914337_cx0_cy10_cw0_w1200_h630.jpg"
        ],
        "country": "",
        "region": "",
        "source": "GDELT GEO 2.0",
        "location_precision": "point",
        "confidence": 0.35
      }
    },
    {
      "type": "Feature",
      "geometry": {
        "type": "Point",
        "coordinates": [
          70.0,
          30.0
        ]
      },
      "properties": {
        "title": "Pakistan",
        "status": "fruehwarnung",
        "date": "2026-02-01",
        "summary": "Automatisch extrahierte News-Ortsnennung (GDELT).",
        "why_it_matters": "Fallback, damit die Karte nicht leer ist. Angaben koennen falsch/ungenau sein.",
        "sources": [
          "https://www.diariosigloxxi.com/images/20537"
        ],
        "country": "",
        "region": "",
        "source": "GDELT GEO 2.0",
        "location_precision": "point",
        "confidence": 0.35
      }
    },
    {
      "type": "Feature",
      "geometry": {
        "type": "Point",
        "coordinates": [
          34.9115,
          39.059
        ]
      },
      "properties": {
        "title": "Turkey",
        "status": "fruehwarnung",
        "date": "2026-02-01",
        "summary": "Automatisch extrahierte News-Ortsnennung (GDELT).",
        "why_it_matters": "Fallback, damit die Karte nicht leer ist. Angaben koennen falsch/ungenau sein.",
        "sources": [
          "https://aawsat.com/files/pdf/issue17232/files/assets/html/skin/images/fbThumb.jpg"
        ],
        "country": "",
        "region": "",
        "source": "GDELT GEO 2.0",
        "location_precision": "point",
        "confidence": 0.35
      }
    },
    {
      "type": "Feature",
      "geometry": {
        "type": "Point",
        "coordinates": [
          77.0,
          20.0
        ]
      },
      "properties": {
        "title": "India",
        "status": "fruehwarnung",
        "date": "2026-02-01",
        "summary": "Automatisch extrahierte News-Ortsnennung (GDELT).",
        "why_it_matters": "Fallback, damit die Karte nicht leer ist. Angaben koennen falsch/ungenau sein.",
        "sources": [
          "https://www.eurasiareview.com/wp-content/uploads/2020/08/b-22.jpg"
        ],
        "country": "",
        "region": "",
        "source": "GDELT GEO 2.0",
        "location_precision": "point",
        "confidence": 0.35
      }
    },
    {
      "type": "Feature",
      "geometry": {
        "type": "Point",
        "coordinates": [
          15.0,
          -1.0
        ]
      },
      "properties": {
        "title": "Congo",
        "status": "fruehwarnung",
        "date": "2026-02-01",
        "summary": "Automatisch extrahierte News-Ortsnennung (GDELT).",
        "why_it_matters": "Fallback, damit die Karte nicht leer ist. Angaben koennen falsch/ungenau sein.",
        "sources": [
          "https://www.tagesspiegel.de/images/15204675/alternates/BASE_16_9_W1400/1769865277000/erdrutsch-beim-coltan-abbau-in-rubaya.jpeg"
        ],
        "country": "",
        "region": "",
        "source": "GDELT GEO 2.0",
        "location_precision": "point",
        "confidence": 0.35
      }
    },
    {
      "type": "Feature",
      "geometry": {
        "type": "Point",
        "coordinates": [
          2.0,
          46.0
        ]
      },
      "properties": {
        "title": "France",
        "status": "fruehwarnung",
        "date": "2026-02-01",
        "summary": "Automatisch extrahierte News-Ortsnennung (GDELT).",
        "why_it_matters": "Fallback, damit die Karte nicht leer ist. Angaben koennen falsch/ungenau sein.",
        "sources": [
          "https://www.aljazeera.net/wp-content/uploads/2026/01/ap_697ded9e14649-1769860510.jpg"
        ],
        "country": "",
        "region": "",
        "source": "GDELT GEO 2.0",
        "location_precision": "point",
        "confidence": 0.35
      }
    },
    {
      "type": "Feature",
      "geometry": {
        "type": "Point",
        "coordinates": [
          -4.0,
          54.0
        ]
      },
      "properties": {
        "title": "United Kingdom",
        "status": "fruehwarnung",
        "date": "2026-02-01",
        "summary": "Automatisch extrahierte News-Ortsnennung (GDELT).",
        "why_it_matters": "Fallback, damit die Karte nicht leer ist. Angaben koennen falsch/ungenau sein.",
        "sources": [
          "https://media.urgente24.com/p/aa7c6c622ad84e82018627704aa49a8f/adjuntos/319/imagenes/003/383/0003383558/1200x675/smart/image.png"
        ],
        "country": "",
        "region": "",
        "source": "GDELT GEO 2.0",
        "location_precision": "point",
        "confidence": 0.35
      }
    },
    {
      "type": "Feature",
      "geometry": {
        "type": "Point",
        "coordinates": [
          12.8333,
          42.8333
        ]
      },
      "properties": {
        "title": "Italy",
        "status": "fruehwarnung",
        "date": "2026-02-01",
        "summary": "Automatisch extrahierte News-Ortsnennung (GDELT).",
        "why_it_matters": "Fallback, damit die Karte nicht leer ist. Angaben koennen falsch/ungenau sein.",
        "sources": [
          "https://www.alwihdainfo.com/photo/art/grande/94001220-65604090.jpg?v=1769847519"
        ],
        "country": "",
        "region": "",
        "source": "GDELT GEO 2.0",
        "location_precision": "point",
        "confidence": 0.35
      }
    },
    {
      "type": "Feature",
      "geometry": {
        "type": "Point",
        "coordinates": [
          30.0,
          -2.0
        ]
      },
      "properties": {
        "title": "Rwanda",
        "status": "fruehwarnung",
        "date": "2026-02-01",
        "summary": "Automatisch extrahierte News-Ortsnennung (GDELT).",
        "why_it_matters": "Fallback, damit die Karte nicht leer ist. Angaben koennen falsch/ungenau sein.",
        "sources": [
          "https://www.mundiario.com/media/mundiario/images/2026/01/31/2026013117414512711.jpg"
        ],
        "country": "",
        "region": "",
        "source": "GDELT GEO 2.0",
        "location_precision": "point",
        "confidence": 0.35
      }
    },
    {
      "type": "Feature",
      "geometry": {
        "type": "Point",
        "coordinates": [
          -66.0,
          8.0
        ]
      },
      "properties": {
        "title": "Venezuela",
        "status": "fruehwarnung",
        "date": "2026-02-01",
        "summary": "Automatisch extrahierte News-Ortsnennung (GDELT).",
        "why_it_matters": "Fallback, damit die Karte nicht leer ist. Angaben koennen falsch/ungenau sein.",
        "sources": [
          "https://www.sankei.com/resizer/v2/MA3Q5ENBEJIODPOYWKIBHZUNHY.jpg?auth=e85c30ac91ce20f1b9f40c7c1b9a35c4c4074e672cebbe7f55298cd48ce30aa5&quality=50&focal=188%2C261"
        ],
        "country": "",
        "region": "",
        "source": "GDELT GEO 2.0",
        "location_precision": "point",
        "confidence": 0.35
      }
    },
    {
      "type": "Feature",
      "geometry": {
        "type": "Point",
        "coordinates": [
          44.0,
          33.0
        ]
      },
      "properties": {
        "title": "Iraq",
        "status": "fruehwarnung",
        "date": "2026-02-01",
        "summary": "Automatisch extrahierte News-Ortsnennung (GDELT).",
        "why_it_matters": "Fallback, damit die Karte nicht leer ist. Angaben koennen falsch/ungenau sein.",
        "sources": [
          "https://www.metroworldnews.com/resizer/v2/BB5JASUETVAGBC6A7SG7HCIORY.jpg?smart=true&auth=4b25ebc1275b8e657be222fa9df4aa443a7900d812be0df3b4aed924d210dc46"
        ],
        "country": "",
        "region": "",
        "source": "GDELT GEO 2.0",
        "location_precision": "point",
        "confidence": 0.35
      }
    },
    {
      "type": "Feature",
      "geometry": {
        "type": "Point",
        "coordinates": [
          10.0,
          56.0
        ]
      },
      "properties": {
        "title": "Denmark",
        "status": "fruehwarnung",
        "date": "2026-02-01",
        "summary": "Automatisch extrahierte News-Ortsnennung (GDELT).",
        "why_it_matters": "Fallback, damit die Karte nicht leer ist. Angaben koennen falsch/ungenau sein.",
        "sources": [
          "https://naxos-cdn01.gruppocdt.ch/cdt/stories/2026/01/29/960x640/2d8f4c50-554d-4593-b322-69e492ea137e.jpeg"
        ],
        "country": "",
        "region": "",
        "source": "GDELT GEO 2.0",
        "location_precision": "point",
        "confidence": 0.35
      }
    },
    {
      "type": "Feature",
      "geometry": {
        "type": "Point",
        "coordinates": [
          45.0,
          25.0
        ]
      },
      "properties": {
        "title": "Saudi Arabia",
        "status": "fruehwarnung",
        "date": "2026-02-01",
        "summary": "Automatisch extrahierte News-Ortsnennung (GDELT).",
        "why_it_matters": "Fallback, damit die Karte nicht leer ist. Angaben koennen falsch/ungenau sein.",
        "sources": [
          "https://aawsat.com/files/pdf/issue17232/files/assets/html/skin/images/fbThumb.jpg"
        ],
        "country": "",
        "region": "",
        "source": "GDELT GEO 2.0",
        "location_precision": "point",
        "confidence": 0.35
      }
    },
    {
      "type": "Feature",
      "geometry": {
        "type": "Point",
        "coordinates": [
          35.5333,
          32.45
        ]
      },
      "properties": {
        "title": "Shifa, Ha?Afon, Israel",
        "status": "fruehwarnung",
        "date": "2026-02-01",
        "summary": "Automatisch extrahierte News-Ortsnennung (GDELT).",
        "why_it_matters": "Fallback, damit die Karte nicht leer ist. Angaben koennen falsch/ungenau sein.",
        "sources": [
          "https://static.ffx.io/images/$zoom_0.1325%2C$multiply_0.7554%2C$ratio_1.777778%2C$width_1059%2C$x_0%2C$y_96/t_crop_custom/q_86%2Cf_auto/ffe008bd4bb3d47cb05f3c1b93810fb0a71a8039"
        ],
        "country": "",
        "region": "",
        "source": "GDELT GEO 2.0",
        "location_precision": "point",
        "confidence": 0.35
      }
    },
    {
      "type": "Feature",
      "geometry": {
        "type": "Point",
        "coordinates": [
          -4.0,
          40.0
        ]
      },
      "properties": {
        "title": "Spain",
        "status": "fruehwarnung",
        "date": "2026-02-01",
        "summary": "Automatisch extrahierte News-Ortsnennung (GDELT).",
        "why_it_matters": "Fallback, damit die Karte nicht leer ist. Angaben koennen falsch/ungenau sein.",
        "sources": [
          "https://men.gsstatic.es/sfAttachPlugin/social/3654765.jpg"
        ],
        "country": "",
        "region": "",
        "source": "GDELT GEO 2.0",
        "location_precision": "point",
        "confidence": 0.35
      }
    },
    {
      "type": "Feature",
      "geometry": {
        "type": "Point",
        "coordinates": [
          -96.0,
          60.0
        ]
      },
      "properties": {
        "title": "Canada",
        "status": "fruehwarnung",
        "date": "2026-02-01",
        "summary": "Automatisch extrahierte News-Ortsnennung (GDELT).",
        "why_it_matters": "Fallback, damit die Karte nicht leer ist. Angaben koennen falsch/ungenau sein.",
        "sources": [
          "https://www.el-balad.com/uploads/images/202602/image_1200x675_697ef273ed449.webp"
        ],
        "country": "",
        "region": "",
        "source": "GDELT GEO 2.0",
        "location_precision": "point",
        "confidence": 0.35
      }
    },
    {
      "type": "Feature",
      "geometry": {
        "type": "Point",
        "coordinates": [
          66.0,
          33.0
        ]
      },
      "properties": {
        "title": "Afghanistan",
        "status": "fruehwarnung",
        "date": "2026-02-01",
        "summary": "Automatisch extrahierte News-Ortsnennung (GDELT).",
        "why_it_matters": "Fallback, damit die Karte nicht leer ist. Angaben koennen falsch/ungenau sein.",
        "sources": [
          "https://static.dw.com/image/75737931_6.jpg"
        ],
        "country": "",
        "region": "",
        "source": "GDELT GEO 2.0",
        "location_precision": "point",
        "confidence": 0.35
      }
    },
    {
      "type": "Feature",
      "geometry": {
        "type": "Point",
        "coordinates": [
          9.2,
          45.4667
        ]
      },
      "properties": {
        "title": "Milan, Lombardia, Italy",
        "status": "fruehwarnung",
        "date": "2026-02-01",
        "summary": "Automatisch extrahierte News-Ortsnennung (GDELT).",
        "why_it_matters": "Fallback, damit die Karte nicht leer ist. Angaben koennen falsch/ungenau sein.",
        "sources": [
          "http://npr-brightspot.s3.amazonaws.com/45/3e/a86e3fd945a1b7a708842ea3c196/gettyimages-2258627204.jpg"
        ],
        "country": "",
        "region": "",
        "source": "GDELT GEO 2.0",
        "location_precision": "point",
        "confidence": 0.35
      }
    },
    {
      "type": "Feature",
      "geometry": {
        "type": "Point",
        "coordinates": [
          22.0,
          39.0
        ]
      },
      "properties": {
        "title": "Greece",
        "status": "fruehwarnung",
        "date": "2026-02-01",
        "summary": "Automatisch extrahierte News-Ortsnennung (GDELT).",
        "why_it_matters": "Fallback, damit die Karte nicht leer ist. Angaben koennen falsch/ungenau sein.",
        "sources": [
          "https://www.iefimerida.gr/sites/default/files/styles/medium_article_image/public/2026-01/dania-diadilosi-kata-trump.jpg?itok=zbJfnuYZ"
        ],
        "country": "",
        "region": "",
        "source": "GDELT GEO 2.0",
        "location_precision": "point",
        "confidence": 0.35
      }
    },
    {
      "type": "Feature",
      "geometry": {
        "type": "Point",
        "coordinates": [
          135.0,
          -25.0
        ]
      },
      "properties": {
        "title": "Australia",
        "status": "fruehwarnung",
        "date": "2026-02-01",
        "summary": "Automatisch extrahierte News-Ortsnennung (GDELT).",
        "why_it_matters": "Fallback, damit die Karte nicht leer ist. Angaben koennen falsch/ungenau sein.",
        "sources": [
          "https://cms.sofrep.com/wp-content/uploads/2026/01/Screenshot_20260131_103253_DuckDuckGo-scaled.jpg"
        ],
        "country": "",
        "region": "",
        "source": "GDELT GEO 2.0",
        "location_precision": "point",
        "confidence": 0.35
      }
    },
    {
      "type": "Feature",
      "geometry": {
        "type": "Point",
        "coordinates": [
          127.5,
          37.0
        ]
      },
      "properties": {
        "title": "South Korea",
        "status": "fruehwarnung",
        "date": "2026-02-01",
        "summary": "Automatisch extrahierte News-Ortsnennung (GDELT).",
        "why_it_matters": "Fallback, damit die Karte nicht leer ist. Angaben koennen falsch/ungenau sein.",
        "sources": [
          "https://i.arabi21.com/arabi21/1200x630/820202119112122.jpg"
        ],
        "country": "",
        "region": "",
        "source": "GDELT GEO 2.0",
        "location_precision": "point",
        "confidence": 0.35
      }
    },
    {
      "type": "Feature",
      "geometry": {
        "type": "Point",
        "coordinates": [
          30.0,
          16.0
        ]
      },
      "properties": {
        "title": "Sudan",
        "status": "fruehwarnung",
        "date": "2026-02-01",
        "summary": "Automatisch extrahierte News-Ortsnennung (GDELT).",
        "why_it_matters": "Fallback, damit die Karte nicht leer ist. Angaben koennen falsch/ungenau sein.",
        "sources": [
          "http://www.businessghana.com/cms/img/news/2026-01-30-1601280.jpg"
        ],
        "country": "",
        "region": "",
        "source": "GDELT GEO 2.0",
        "location_precision": "point",
        "confidence": 0.35
      }
    },
    {
      "type": "Feature",
      "geometry": {
        "type": "Point",
        "coordinates": [
          20.0,
          52.0
        ]
      },
      "properties": {
        "title": "Poland",
        "status": "fruehwarnung",
        "date": "2026-02-01",
        "summary": "Automatisch extrahierte News-Ortsnennung (GDELT).",
        "why_it_matters": "Fallback, damit die Karte nicht leer ist. Angaben koennen falsch/ungenau sein.",
        "sources": [
          "https://wf1.xcdn.pl/files/21/01/27/737762_hDSA_GN_PREV_2_C1200x1200-hwAh01.png.webp?conv=JGQFAAAABLAEsAB9IJgG"
        ],
        "country": "",
        "region": "",
        "source": "GDELT GEO 2.0",
        "location_precision": "point",
        "confidence": 0.35
      }
    },
    {
      "type": "Feature",
      "geometry": {
        "type": "Point",
        "coordinates": [
          121.0,
          24.0
        ]
      },
      "properties": {
        "title": "Taiwan",
        "status": "fruehwarnung",
        "date": "2026-02-01",
        "summary": "Automatisch extrahierte News-Ortsnennung (GDELT).",
        "why_it_matters": "Fallback, damit die Karte nicht leer ist. Angaben koennen falsch/ungenau sein.",
        "sources": [
          "https://imageio.forbes.com/specials-images/imageserve/697e18df6efee4ad860522a7/0x0.jpg?format=jpg&fit=bounds"
        ],
        "country": "",
        "region": "",
        "source": "GDELT GEO 2.0",
        "location_precision": "point",
        "confidence": 0.35
      }
    },
    {
      "type": "Feature",
      "geometry": {
        "type": "Point",
        "coordinates": [
          -79.5,
          22.0
        ]
      },
      "properties": {
        "title": "Cuba",
        "status": "fruehwarnung",
        "date": "2026-02-01",
        "summary": "Automatisch extrahierte News-Ortsnennung (GDELT).",
        "why_it_matters": "Fallback, damit die Karte nicht leer ist. Angaben koennen falsch/ungenau sein.",
        "sources": [
          "https://www.sankei.com/resizer/v2/MA3Q5ENBEJIODPOYWKIBHZUNHY.jpg?auth=e85c30ac91ce20f1b9f40c7c1b9a35c4c4074e672cebbe7f55298cd48ce30aa5&quality=50&focal=188%2C261"
        ],
        "country": "",
        "region": "",
        "source": "GDELT GEO 2.0",
        "location_precision": "point",
        "confidence": 0.35
      }
    },
    {
      "type": "Feature",
      "geometry": {
        "type": "Point",
        "coordinates": [
          -93.9196,
          45.7326
        ]
      },
      "properties": {
        "title": "Minnesota, United States",
        "status": "fruehwarnung",
        "date": "2026-02-01",
        "summary": "Automatisch extrahierte News-Ortsnennung (GDELT).",
        "why_it_matters": "Fallback, damit die Karte nicht leer ist. Angaben koennen falsch/ungenau sein.",
        "sources": [
          "https://images.foxtv.com/static.fox9.com/www.fox9.com/content/uploads/2026/01/1280/720/fox-9-investigates-assaults-on-feds.jpg?ve=1&tl=1"
        ],
        "country": "",
        "region": "",
        "source": "GDELT GEO 2.0",
        "location_precision": "point",
        "confidence": 0.35
      }
    },
    {
      "type": "Feature",
      "geometry": {
        "type": "Point",
        "coordinates": [
          -40.0,
          72.0
        ]
      },
      "properties": {
        "title": "Greenland",
        "status": "fruehwarnung",
        "date": "2026-02-01",
        "summary": "Automatisch extrahierte News-Ortsnennung (GDELT).",
        "why_it_matters": "Fallback, damit die Karte nicht leer ist. Angaben koennen falsch/ungenau sein.",
        "sources": [
          "https://img.ilgcdn.com/sites/default/files/styles/social/public/foto/2026/01/31/1769850977-donald-trump.jpg?_=1769850977"
        ],
        "country": "",
        "region": "",
        "source": "GDELT GEO 2.0",
        "location_precision": "point",
        "confidence": 0.35
      }
    },
    {
      "type": "Feature",
      "geometry": {
        "type": "Point",
        "coordinates": [
          107.8333,
          16.1667
        ]
      },
      "properties": {
        "title": "Vietnam",
        "status": "fruehwarnung",
        "date": "2026-02-01",
        "summary": "Automatisch extrahierte News-Ortsnennung (GDELT).",
        "why_it_matters": "Fallback, damit die Karte nicht leer ist. Angaben koennen falsch/ungenau sein.",
        "sources": [
          "https://images2.thanhnien.vn/zoom/1200_630/528068263637045248/2026/1/27/dia-chi-chua-khai-tuong-vua-minh-mang-chao-doi-17695098858891173147819-15-110-1257-2483-crop-17695108473291464183243.jpg"
        ],
        "country": "",
        "region": "",
        "source": "GDELT GEO 2.0",
        "location_precision": "point",
        "confidence": 0.35
      }
    },
    {
      "type": "Feature",
      "geometry": {
        "type": "Point",
        "coordinates": [
          34.3734,
          31.4251
        ]
      },
      "properties": {
        "title": "Gaza Strip",
        "status": "fruehwarnung",
        "date": "2026-02-01",
        "summary": "Automatisch extrahierte News-Ortsnennung (GDELT).",
        "why_it_matters": "Fallback, damit die Karte nicht leer ist. Angaben koennen falsch/ungenau sein.",
        "sources": [
          "http://npr-brightspot.s3.amazonaws.com/7e/43/19f0b7474a12b6a4ffbc23902fe8/ap26031355541124.jpg"
        ],
        "country": "",
        "region": "",
        "source": "GDELT GEO 2.0",
        "location_precision": "point",
        "confidence": 0.35
      }
    },
    {
      "type": "Feature",
      "geometry": {
        "type": "Point",
        "coordinates": [
          20.0,
          47.0
        ]
      },
      "properties": {
        "title": "Hungary",
        "status": "fruehwarnung",
        "date": "2026-02-01",
        "summary": "Automatisch extrahierte News-Ortsnennung (GDELT).",
        "why_it_matters": "Fallback, damit die Karte nicht leer ist. Angaben koennen falsch/ungenau sein.",
        "sources": [
          "https://cdn.magyarnemzet.hu/2026/01/vLtZiz3l-eZRX5rvF3T3y3OzTho1MzE1kx5DoITWR4M/fill/1347/758/no/1/aHR0cHM6Ly9jbXNjZG4uYXBwLmNvbnRlbnQucHJpdmF0ZS9jb250ZW50LzFjODAyMTdiN2RmMTQ4ZjE4ZTNiMzNlYzNiMGFjZmIy.jpg"
        ],
        "country": "",
        "region": "",
        "source": "GDELT GEO 2.0",
        "location_precision": "point",
        "confidence": 0.35
      }
    },
    {
      "type": "Feature",
      "geometry": {
        "type": "Point",
        "coordinates": [
          51.6714,
          32.6597
        ]
      },
      "properties": {
        "title": "Isfahan, Esfahan, Iran",
        "status": "fruehwarnung",
        "date": "2026-02-01",
        "summary": "Automatisch extrahierte News-Ortsnennung (GDELT).",
        "why_it_matters": "Fallback, damit die Karte nicht leer ist. Angaben koennen falsch/ungenau sein.",
        "sources": [
          "https://img.ilgcdn.com/sites/default/files/styles/social/public/foto/2026/01/31/1769850977-donald-trump.jpg?_=1769850977"
        ],
        "country": "",
        "region": "",
        "source": "GDELT GEO 2.0",
        "location_precision": "point",
        "confidence": 0.35
      }
    },
    {
      "type": "Feature",
      "geometry": {
        "type": "Point",
        "coordinates": [
          -0.1167,
          51.5
        ]
      },
      "properties": {
        "title": "London, London, City Of, United Kingdom",
        "status": "fruehwarnung",
        "date": "2026-02-01",
        "summary": "Automatisch extrahierte News-Ortsnennung (GDELT).",
        "why_it_matters": "Fallback, damit die Karte nicht leer ist. Angaben koennen falsch/ungenau sein.",
        "sources": [
          "https://aawsat.com/files/pdf/issue17232/files/assets/html/skin/images/fbThumb.jpg"
        ],
        "country": "",
        "region": "",
        "source": "GDELT GEO 2.0",
        "location_precision": "point",
        "confidence": 0.35
      }
    },
    {
      "type": "Feature",
      "geometry": {
        "type": "Point",
        "coordinates": [
          51.25,
          25.5
        ]
      },
      "properties": {
        "title": "Qatar",
        "status": "fruehwarnung",
        "date": "2026-02-01",
        "summary": "Automatisch extrahierte News-Ortsnennung (GDELT).",
        "why_it_matters": "Fallback, damit die Karte nicht leer ist. Angaben koennen falsch/ungenau sein.",
        "sources": [
          "https://nypost.com/wp-content/uploads/sites/2/2026/01/view-explosion-israeli-airstrike-targeted-120119753.jpg?quality=75&strip=all"
        ],
        "country": "",
        "region": "",
        "source": "GDELT GEO 2.0",
        "location_precision": "point",
        "confidence": 0.35
      }
    },
    {
      "type": "Feature",
      "geometry": {
        "type": "Point",
        "coordinates": [
          34.2311,
          31.3292
        ]
      },
      "properties": {
        "title": "Rafah, Gaza Strip (General), Gaza Strip",
        "status": "fruehwarnung",
        "date": "2026-02-01",
        "summary": "Automatisch extrahierte News-Ortsnennung (GDELT).",
        "why_it_matters": "Fallback, damit die Karte nicht leer ist. Angaben koennen falsch/ungenau sein.",
        "sources": [
          "https://www.goulburnpost.com.au/images/transform/v1/crop/frm/silverstone-feed-data/a290dd3c-541b-4d37-a4a0-b0268e36304e.jpg/r0_90_800_510_w1200_h630_fmax.jpg"
        ],
        "country": "",
        "region": "",
        "source": "GDELT GEO 2.0",
        "location_precision": "point",
        "confidence": 0.35
      }
    },
    {
      "type": "Feature",
      "geometry": {
        "type": "Point",
        "coordinates": [
          10.0,
          62.0
        ]
      },
      "properties": {
        "title": "Norway",
        "status": "fruehwarnung",
        "date": "2026-02-01",
        "summary": "Automatisch extrahierte News-Ortsnennung (GDELT).",
        "why_it_matters": "Fallback, damit die Karte nicht leer ist. Angaben koennen falsch/ungenau sein.",
        "sources": [
          "https://image.abcnyheter.no/1403786.jpg?imageId=1403786&x=0&y=0&cropw=100&croph=85.78&panox=0&panoy=0&panow=100&panoh=85.78"
        ],
        "country": "",
        "region": "",
        "source": "GDELT GEO 2.0",
        "location_precision": "point",
        "confidence": 0.35
      }
    },
    {
      "type": "Feature",
      "geometry": {
        "type": "Point",
        "coordinates": [
          15.0,
          62.0
        ]
      },
      "properties": {
        "title": "Sweden",
        "status": "fruehwarnung",
        "date": "2026-02-01",
        "summary": "Automatisch extrahierte News-Ortsnennung (GDELT).",
        "why_it_matters": "Fallback, damit die Karte nicht leer ist. Angaben koennen falsch/ungenau sein.",
        "sources": [
          "https://s1.abcstatics.com/abc/www/multimedia/espana/2026/01/31/oscar-puente-U80123430145lPc-1024x512@diario_abc.JPG"
        ],
        "country": "",
        "region": "",
        "source": "GDELT GEO 2.0",
        "location_precision": "point",
        "confidence": 0.35
      }
    },
    {
      "type": "Feature",
      "geometry": {
        "type": "Point",
        "coordinates": [
          -81.717,
          27.8333
        ]
      },
      "properties": {
        "title": "Florida, United States",
        "status": "fruehwarnung",
        "date": "2026-02-01",
        "summary": "Automatisch extrahierte News-Ortsnennung (GDELT).",
        "why_it_matters": "Fallback, damit die Karte nicht leer ist. Angaben koennen falsch/ungenau sein.",
        "sources": [
          "https://www.leparisien.fr/resizer/LbCTXKxvruenUA-7WKm11gH1ITE=/1200x675/cloudfront-eu-central-1.images.arcpublishing.com/leparisien/Q3EKXHVRCZD7NLJ36LTW3ZJRAY.jpg"
        ],
        "country": "",
        "region": "",
        "source": "GDELT GEO 2.0",
        "location_precision": "point",
        "confidence": 0.35
      }
    },
    {
      "type": "Feature",
      "geometry": {
        "type": "Point",
        "coordinates": [
          35.25,
          31.6667
        ]
      },
      "properties": {
        "title": "West Bank",
        "status": "fruehwarnung",
        "date": "2026-02-01",
        "summary": "Automatisch extrahierte News-Ortsnennung (GDELT).",
        "why_it_matters": "Fallback, damit die Karte nicht leer ist. Angaben koennen falsch/ungenau sein.",
        "sources": [
          "https://cms.sofrep.com/wp-content/uploads/2026/01/Screenshot_20260131_103253_DuckDuckGo-scaled.jpg"
        ],
        "country": "",
        "region": "",
        "source": "GDELT GEO 2.0",
        "location_precision": "point",
        "confidence": 0.35
      }
    },
    {
      "type": "Feature",
      "geometry": {
        "type": "Point",
        "coordinates": [
          30.0024,
          -1.4746
        ]
      },
      "properties": {
        "title": "Rubaya, Nord, Rwanda",
        "status": "fruehwarnung",
        "date": "2026-02-01",
        "summary": "Automatisch extrahierte News-Ortsnennung (GDELT).",
        "why_it_matters": "Fallback, damit die Karte nicht leer ist. Angaben koennen falsch/ungenau sein.",
        "sources": [
          "https://www.asiaone.com/sites/default/files/styles/article_top_image/public/original_images/Feb2026/0102_drc_mine_collapse.jpg?itok=5bhkSymg"
        ],
        "country": "",
        "region": "",
        "source": "GDELT GEO 2.0",
        "location_precision": "point",
        "confidence": 0.35
      }
    },
    {
      "type": "Feature",
      "geometry": {
        "type": "Point",
        "coordinates": [
          29.0,
          47.0
        ]
      },
      "properties": {
        "title": "Moldova",
        "status": "fruehwarnung",
        "date": "2026-02-01",
        "summary": "Automatisch extrahierte News-Ortsnennung (GDELT).",
        "why_it_matters": "Fallback, damit die Karte nicht leer ist. Angaben koennen falsch/ungenau sein.",
        "sources": [
          "https://gdb.rferl.org/01f3c6ef-b344-48fc-c0eb-08de3c914337_cx0_cy10_cw0_w1200_h630.jpg"
        ],
        "country": "",
        "region": "",
        "source": "GDELT GEO 2.0",
        "location_precision": "point",
        "confidence": 0.35
      }
    },
    {
      "type": "Feature",
      "geometry": {
        "type": "Point",
        "coordinates": [
          35.8333,
          33.8333
        ]
      },
      "properties": {
        "title": "Lebanon",
        "status": "fruehwarnung",
        "date": "2026-02-01",
        "summary": "Automatisch extrahierte News-Ortsnennung (GDELT).",
        "why_it_matters": "Fallback, damit die Karte nicht leer ist. Angaben koennen falsch/ungenau sein.",
        "sources": [
          "https://www.metroworldnews.com/resizer/v2/BB5JASUETVAGBC6A7SG7HCIORY.jpg?smart=true&auth=4b25ebc1275b8e657be222fa9df4aa443a7900d812be0df3b4aed924d210dc46"
        ],
        "country": "",
        "region": "",
        "source": "GDELT GEO 2.0",
        "location_precision": "point",
        "confidence": 0.35
      }
    },
    {
      "type": "Feature",
      "geometry": {
        "type": "Point",
        "coordinates": [
          65.6436,
          28.4785
        ]
      },
      "properties": {
        "title": "Balochistan, Balochistan, Pakistan",
        "status": "fruehwarnung",
        "date": "2026-02-01",
        "summary": "Automatisch extrahierte News-Ortsnennung (GDELT).",
        "why_it_matters": "Fallback, damit die Karte nicht leer ist. Angaben koennen falsch/ungenau sein.",
        "sources": [
          "https://www.diariosigloxxi.com/images/20537"
        ],
        "country": "",
        "region": "",
        "source": "GDELT GEO 2.0",
        "location_precision": "point",
        "confidence": 0.35
      }
    },
    {
      "type": "Feature",
      "geometry": {
        "type": "Point",
        "coordinates": [
          51.9266,
          33.4964
        ]
      },
      "properties": {
        "title": "Natanz, Esfahan, Iran",
        "status": "fruehwarnung",
        "date": "2026-02-01",
        "summary": "Automatisch extrahierte News-Ortsnennung (GDELT).",
        "why_it_matters": "Fallback, damit die Karte nicht leer ist. Angaben koennen falsch/ungenau sein.",
        "sources": [
          "https://images.globalplayer.com/images/789151?crop=16_9&signature=3RK5zCKZ5s34ZnPL9JbRrLWdQA8="
        ],
        "country": "",
        "region": "",
        "source": "GDELT GEO 2.0",
        "location_precision": "point",
        "confidence": 0.35
      }
    },
    {
      "type": "Feature",
      "geometry": {
        "type": "Point",
        "coordinates": [
          -102.0,
          23.0
        ]
      },
      "properties": {
        "title": "Mexico",
        "status": "fruehwarnung",
        "date": "2026-02-01",
        "summary": "Automatisch extrahierte News-Ortsnennung (GDELT).",
        "why_it_matters": "Fallback, damit die Karte nicht leer ist. Angaben koennen falsch/ungenau sein.",
        "sources": [
          "https://oem.com.mx/elsoldeacapulco/img/24761071/1752526740/BASE_LANDSCAPE/1200/image.jpg"
        ],
        "country": "",
        "region": "",
        "source": "GDELT GEO 2.0",
        "location_precision": "point",
        "confidence": 0.35
      }
    },
    {
      "type": "Feature",
      "geometry": {
        "type": "Point",
        "coordinates": [
          38.0,
          8.0
        ]
      },
      "properties": {
        "title": "Ethiopia",
        "status": "fruehwarnung",
        "date": "2026-02-01",
        "summary": "Automatisch extrahierte News-Ortsnennung (GDELT).",
        "why_it_matters": "Fallback, damit die Karte nicht leer ist. Angaben koennen falsch/ungenau sein.",
        "sources": [
          "https://media-manager.noticiasaominuto.com/1920/naom_697e28f7abfac.jpg"
        ],
        "country": "",
        "region": "",
        "source": "GDELT GEO 2.0",
        "location_precision": "point",
        "confidence": 0.35
      }
    },
    {
      "type": "Feature",
      "geometry": {
        "type": "Point",
        "coordinates": [
          28.0,
          53.0
        ]
      },
      "properties": {
        "title": "Belarus",
        "status": "fruehwarnung",
        "date": "2026-02-01",
        "summary": "Automatisch extrahierte News-Ortsnennung (GDELT).",
        "why_it_matters": "Fallback, damit die Karte nicht leer ist. Angaben koennen falsch/ungenau sein.",
        "sources": [
          "https://cdnn1.inosmi.ru/images/sharing/article/276894337.jpg"
        ],
        "country": "",
        "region": "",
        "source": "GDELT GEO 2.0",
        "location_precision": "point",
        "confidence": 0.35
      }
    },
    {
      "type": "Feature",
      "geometry": {
        "type": "Point",
        "coordinates": [
          -80.1937,
          25.7743
        ]
      },
      "properties": {
        "title": "Miami, Florida, United States",
        "status": "fruehwarnung",
        "date": "2026-02-01",
        "summary": "Automatisch extrahierte News-Ortsnennung (GDELT).",
        "why_it_matters": "Fallback, damit die Karte nicht leer ist. Angaben koennen falsch/ungenau sein.",
        "sources": [
          "https://img.aktuality.sk/foto/kirill-dmitriev-reuters-maxim-shemetov/MTIwMHg2MzAvZmlsdGVyczp3YXRlcm1hcmsoaHR0cDovL2xvY2FsaG9zdDo4MS9pbWcvYWt0dWFsaXR5X3dhdGVybWFya192MiwyNCwyNCwwKS9odHRwOi8vbG9jYWxob3N0OjgxL3B1bHNjbXMtdHJhbnNmb3Jtcy8x/6q8ktkpTURBXy9iZWIyYjkwN2ZkMjU3MGU5NDcxZDA1MWJhNWRhNDY2ZC5qcGeSlQMAzObNGwPNDzGVAs0H0ADCww?st=t9EWG4fRUQMD68bzm5HpTdfWZsP-bhUevBmUVLb9FiM&ts=1769900400&e=0"
        ],
        "country": "",
        "region": "",
        "source": "GDELT GEO 2.0",
        "location_precision": "point",
        "confidence": 0.35
      }
    },
    {
      "type": "Feature",
      "geometry": {
        "type": "Point",
        "coordinates": [
          25.0,
          46.0
        ]
      },
      "properties": {
        "title": "Romania",
        "status": "fruehwarnung",
        "date": "2026-02-01",
        "summary": "Automatisch extrahierte News-Ortsnennung (GDELT).",
        "why_it_matters": "Fallback, damit die Karte nicht leer ist. Angaben koennen falsch/ungenau sein.",
        "sources": [
          "https://www.rador.ro/wp-content/uploads/2024/02/CALENDARUL-ZILEI-agerpres_14096888.jpeg"
        ],
        "country": "",
        "region": "",
        "source": "GDELT GEO 2.0",
        "location_precision": "point",
        "confidence": 0.35
      }
    },
    {
      "type": "Feature",
      "geometry": {
        "type": "Point",
        "coordinates": [
          -72.4167,
          19.0
        ]
      },
      "properties": {
        "title": "Haiti",
        "status": "fruehwarnung",
        "date": "2026-02-01",
        "summary": "Automatisch extrahierte News-Ortsnennung (GDELT).",
        "why_it_matters": "Fallback, damit die Karte nicht leer ist. Angaben koennen falsch/ungenau sein.",
        "sources": [
          "https://s.yimg.com/os/en/surfer_magazine_140/b58ab774057fc58d9e7a86fed9e82ff9"
        ],
        "country": "",
        "region": "",
        "source": "GDELT GEO 2.0",
        "location_precision": "point",
        "confidence": 0.35
      }
    },
    {
      "type": "Feature",
      "geometry": {
        "type": "Point",
        "coordinates": [
          116.388,
          39.9289
        ]
      },
      "properties": {
        "title": "Beijing, Beijing, China",
        "status": "fruehwarnung",
        "date": "2026-02-01",
        "summary": "Automatisch extrahierte News-Ortsnennung (GDELT).",
        "why_it_matters": "Fallback, damit die Karte nicht leer ist. Angaben koennen falsch/ungenau sein.",
        "sources": [
          "https://imageio.forbes.com/specials-images/imageserve/697e18df6efee4ad860522a7/0x0.jpg?format=jpg&fit=bounds"
        ],
        "country": "",
        "region": "",
        "source": "GDELT GEO 2.0",
        "location_precision": "point",
        "confidence": 0.35
      }
    },
    {
      "type": "Feature",
      "geometry": {
        "type": "Point",
        "coordinates": [
          20.0,
          41.0
        ]
      },
      "properties": {
        "title": "Albania",
        "status": "fruehwarnung",
        "date": "2026-02-01",
        "summary": "Automatisch extrahierte News-Ortsnennung (GDELT).",
        "why_it_matters": "Fallback, damit die Karte nicht leer ist. Angaben koennen falsch/ungenau sein.",
        "sources": [
          "https://sot.com.al/wp-content/uploads/2026/01/1_Kolec_Traboini_Interviste_TV.jpg"
        ],
        "country": "",
        "region": "",
        "source": "GDELT GEO 2.0",
        "location_precision": "point",
        "confidence": 0.35
      }
    },
    {
      "type": "Feature",
      "geometry": {
        "type": "Point",
        "coordinates": [
          15.5,
          45.1667
        ]
      },
      "properties": {
        "title": "Croatia",
        "status": "fruehwarnung",
        "date": "2026-02-01",
        "summary": "Automatisch extrahierte News-Ortsnennung (GDELT).",
        "why_it_matters": "Fallback, damit die Karte nicht leer ist. Angaben koennen falsch/ungenau sein.",
        "sources": [
          "https://img.lemde.fr/2026/01/31/51/0/3072/2048/1440/960/60/0/b96ae92_upload-1-a2joph6uexgj-000-94jd69e.jpg"
        ],
        "country": "",
        "region": "",
        "source": "GDELT GEO 2.0",
        "location_precision": "point",
        "confidence": 0.35
      }
    },
    {
      "type": "Feature",
      "geometry": {
        "type": "Point",
        "coordinates": [
          15.0,
          49.75
        ]
      },
      "properties": {
        "title": "Czech Republic",
        "status": "fruehwarnung",
        "date": "2026-02-01",
        "summary": "Automatisch extrahierte News-Ortsnennung (GDELT).",
        "why_it_matters": "Fallback, damit die Karte nicht leer ist. Angaben koennen falsch/ungenau sein.",
        "sources": [
          "https://img.punjabkesari.in/multimedia/914/0/0X0/0/static.punjabkesari.in/2026_1image_13_04_166277269arab.jpg"
        ],
        "country": "",
        "region": "",
        "source": "GDELT GEO 2.0",
        "location_precision": "point",
        "confidence": 0.35
      }
    },
    {
      "type": "Feature",
      "geometry": {
        "type": "Point",
        "coordinates": [
          21.0,
          7.0
        ]
      },
      "properties": {
        "title": "Central African Republic",
        "status": "fruehwarnung",
        "date": "2026-02-01",
        "summary": "Automatisch extrahierte News-Ortsnennung (GDELT).",
        "why_it_matters": "Fallback, damit die Karte nicht leer ist. Angaben koennen falsch/ungenau sein.",
        "sources": [
          "https://www.cameroon-tribune.cm"
        ],
        "country": "",
        "region": "",
        "source": "GDELT GEO 2.0",
        "location_precision": "point",
        "confidence": 0.35
      }
    },
    {
      "type": "Feature",
      "geometry": {
        "type": "Point",
        "coordinates": [
          -119.746,
          36.17
        ]
      },
      "properties": {
        "title": "California, United States",
        "status": "fruehwarnung",
        "date": "2026-02-01",
        "summary": "Automatisch extrahierte News-Ortsnennung (GDELT).",
        "why_it_matters": "Fallback, damit die Karte nicht leer ist. Angaben koennen falsch/ungenau sein.",
        "sources": [
          "https://media.cnn.com/api/v1/images/stellar/prod/ap26029046844962-20260131144313028.jpg?c=16x9&q=w_800,c_fill"
        ],
        "country": "",
        "region": "",
        "source": "GDELT GEO 2.0",
        "location_precision": "point",
        "confidence": 0.35
      }
    },
    {
      "type": "Feature",
      "geometry": {
        "type": "Point",
        "coordinates": [
          38.5,
          48.5
        ]
      },
      "properties": {
        "title": "Donbass, Ukraine (General), Ukraine",
        "status": "fruehwarnung",
        "date": "2026-02-01",
        "summary": "Automatisch extrahierte News-Ortsnennung (GDELT).",
        "why_it_matters": "Fallback, damit die Karte nicht leer ist. Angaben koennen falsch/ungenau sein.",
        "sources": [
          "https://img.argumenti.ru/news/news_id/20260131101912-985000.jpg"
        ],
        "country": "",
        "region": "",
        "source": "GDELT GEO 2.0",
        "location_precision": "point",
        "confidence": 0.35
      }
    },
    {
      "type": "Feature",
      "geometry": {
        "type": "Point",
        "coordinates": [
          8.0,
          47.0
        ]
      },
      "properties": {
        "title": "Switzerland",
        "status": "fruehwarnung",
        "date": "2026-02-01",
        "summary": "Automatisch extrahierte News-Ortsnennung (GDELT).",
        "why_it_matters": "Fallback, damit die Karte nicht leer ist. Angaben koennen falsch/ungenau sein.",
        "sources": [
          "https://static.dagospia.com/img/patch/01-2026/svizzera-esercito-2226819_600_q50.webp"
        ],
        "country": "",
        "region": "",
        "source": "GDELT GEO 2.0",
        "location_precision": "point",
        "confidence": 0.35
      }
    },
    {
      "type": "Feature",
      "geometry": {
        "type": "Point",
        "coordinates": [
          39.5,
          13.5
        ]
      },
      "properties": {
        "title": "Tigray, Tigray, Ethiopia",
        "status": "fruehwarnung",
        "date": "2026-02-01",
        "summary": "Automatisch extrahierte News-Ortsnennung (GDELT).",
        "why_it_matters": "Fallback, damit die Karte nicht leer ist. Angaben koennen falsch/ungenau sein.",
        "sources": [
          "https://s.yimg.com/ny/api/res/1.2/MN1AR8Oft0k0RtgEHlREbg--/YXBwaWQ9aGlnaGxhbmRlcjt3PTEyMDA7aD04MDA7Y2Y9d2VicA--/https://media.zenfs.com/en/al_jazeera_289/ad8d47a2cf0b415d18f9821a9d46cb18"
        ],
        "country": "",
        "region": "",
        "source": "GDELT GEO 2.0",
        "location_precision": "point",
        "confidence": 0.35
      }
    },
    {
      "type": "Feature",
      "geometry": {
        "type": "Point",
        "coordinates": [
          24.0,
          56.0
        ]
      },
      "properties": {
        "title": "Lithuania",
        "status": "fruehwarnung",
        "date": "2026-02-01",
        "summary": "Automatisch extrahierte News-Ortsnennung (GDELT).",
        "why_it_matters": "Fallback, damit die Karte nicht leer ist. Angaben koennen falsch/ungenau sein.",
        "sources": [
          "https://www.lrt.lt/img/2024/12/13/1943620-787774-1287x836.jpg"
        ],
        "country": "",
        "region": "",
        "source": "GDELT GEO 2.0",
        "location_precision": "point",
        "confidence": 0.35
      }
    },
    {
      "type": "Feature",
      "geometry": {
        "type": "Point",
        "coordinates": [
          9.0,
          34.0
        ]
      },
      "properties": {
        "title": "Tunisia",
        "status": "fruehwarnung",
        "date": "2026-02-01",
        "summary": "Automatisch extrahierte News-Ortsnennung (GDELT).",
        "why_it_matters": "Fallback, damit die Karte nicht leer ist. Angaben koennen falsch/ungenau sein.",
        "sources": [],
        "country": "",
        "region": "",
        "source": "GDELT GEO 2.0",
        "location_precision": "point",
        "confidence": 0.35
      }
    },
    {
      "type": "Feature",
      "geometry": {
        "type": "Point",
        "coordinates": [
          48.8371,
          36.0568
        ]
      },
      "properties": {
        "title": "Parchin, Zanjan, Iran",
        "status": "fruehwarnung",
        "date": "2026-02-01",
        "summary": "Automatisch extrahierte News-Ortsnennung (GDELT).",
        "why_it_matters": "Fallback, damit die Karte nicht leer ist. Angaben koennen falsch/ungenau sein.",
        "sources": [
          "https://wehco.media.clients.ellingtoncms.com/imports/adg/img/2026/02/01/212114521_212114521-9d9e76ab8f4346fcbabd40916b777189_t1200.jpg?57a0c2296240c280e9492005c3cad63e7cbe80f4"
        ],
        "country": "",
        "region": "",
        "source": "GDELT GEO 2.0",
        "location_precision": "point",
        "confidence": 0.35
      }
    },
    {
      "type": "Feature",
      "geometry": {
        "type": "Point",
        "coordinates": [
          -74.9384,
          42.1497
        ]
      },
      "properties": {
        "title": "New York, United States",
        "status": "fruehwarnung",
        "date": "2026-02-01",
        "summary": "Automatisch extrahierte News-Ortsnennung (GDELT).",
        "why_it_matters": "Fallback, damit die Karte nicht leer ist. Angaben koennen falsch/ungenau sein.",
        "sources": [
          "https://www.odnako.org/wp-content/uploads/2026/01/Federal-agent-kills-37-year-old-nurse-anger-rises-in-Minneapolis.jpg"
        ],
        "country": "",
        "region": "",
        "source": "GDELT GEO 2.0",
        "location_precision": "point",
        "confidence": 0.35
      }
    },
    {
      "type": "Feature",
      "geometry": {
        "type": "Point",
        "coordinates": [
          31.25,
          30.05
        ]
      },
      "properties": {
        "title": "Cairo, Al Qahirah, Egypt",
        "status": "fruehwarnung",
        "date": "2026-02-01",
        "summary": "Automatisch extrahierte News-Ortsnennung (GDELT).",
        "why_it_matters": "Fallback, damit die Karte nicht leer ist. Angaben koennen falsch/ungenau sein.",
        "sources": [
          "https://bloximages.newyork1.vip.townnews.com/actionnewsnow.com/content/tncms/assets/v3/editorial/4/34/434737b2-7e8a-11ef-90a7-ab7a3a75a4ea/66f991bded06c.image.jpg?crop=1280%2C672%2C0%2C144"
        ],
        "country": "",
        "region": "",
        "source": "GDELT GEO 2.0",
        "location_precision": "point",
        "confidence": 0.35
      }
    },
    {
      "type": "Feature",
      "geometry": {
        "type": "Point",
        "coordinates": [
          36.2527,
          49.9808
        ]
      },
      "properties": {
        "title": "Kharkiv, Kharkivs'ka Oblast', Ukraine",
        "status": "fruehwarnung",
        "date": "2026-02-01",
        "summary": "Automatisch extrahierte News-Ortsnennung (GDELT).",
        "why_it_matters": "Fallback, damit die Karte nicht leer ist. Angaben koennen falsch/ungenau sein.",
        "sources": [
          "https://www.objectiv.tv/wp-content/uploads/2026/01/photo_2026-01-30_18-05-12-2.jpg"
        ],
        "country": "",
        "region": "",
        "source": "GDELT GEO 2.0",
        "location_precision": "point",
        "confidence": 0.35
      }
    },
    {
      "type": "Feature",
      "geometry": {
        "type": "Point",
        "coordinates": [
          17.0,
          25.0
        ]
      },
      "properties": {
        "title": "Libya",
        "status": "fruehwarnung",
        "date": "2026-02-01",
        "summary": "Automatisch extrahierte News-Ortsnennung (GDELT).",
        "why_it_matters": "Fallback, damit die Karte nicht leer ist. Angaben koennen falsch/ungenau sein.",
        "sources": [
          "https://aawsat.com/files/pdf/issue17232/files/assets/html/skin/images/fbThumb.jpg"
        ],
        "country": "",
        "region": "",
        "source": "GDELT GEO 2.0",
        "location_precision": "point",
        "confidence": 0.35
      }
    },
    {
      "type": "Feature",
      "geometry": {
        "type": "Point",
        "coordinates": [
          -64.0,
          -34.0
        ]
      },
      "properties": {
        "title": "Argentina",
        "status": "fruehwarnung",
        "date": "2026-02-01",
        "summary": "Automatisch extrahierte News-Ortsnennung (GDELT).",
        "why_it_matters": "Fallback, damit die Karte nicht leer ist. Angaben koennen falsch/ungenau sein.",
        "sources": [
          "https://estaticos-cdn.prensaiberica.es/clip/f5d5c214-909d-46d2-aba6-f30f98ffce59_16-9-discover-aspect-ratio_default_0_x1000y444.jpg"
        ],
        "country": "",
        "region": "",
        "source": "GDELT GEO 2.0",
        "location_precision": "point",
        "confidence": 0.35
      }
    },
    {
      "type": "Feature",
      "geometry": {
        "type": "Point",
        "coordinates": [
          47.5,
          15.5
        ]
      },
      "properties": {
        "title": "Yemen",
        "status": "fruehwarnung",
        "date": "2026-02-01",
        "summary": "Automatisch extrahierte News-Ortsnennung (GDELT).",
        "why_it_matters": "Fallback, damit die Karte nicht leer ist. Angaben koennen falsch/ungenau sein.",
        "sources": [
          "https://www.khabaragency.net/system/uploads/news/697dcfa41532e.webp"
        ],
        "country": "",
        "region": "",
        "source": "GDELT GEO 2.0",
        "location_precision": "point",
        "confidence": 0.35
      }
    },
    {
      "type": "Feature",
      "geometry": {
        "type": "Point",
        "coordinates": [
          21.0,
          42.5833
        ]
      },
      "properties": {
        "title": "Kosovo",
        "status": "fruehwarnung",
        "date": "2026-02-01",
        "summary": "Automatisch extrahierte News-Ortsnennung (GDELT).",
        "why_it_matters": "Fallback, damit die Karte nicht leer ist. Angaben koennen falsch/ungenau sein.",
        "sources": [
          "https://img.etimg.com/thumb/msid-127819791,width-1200,height-630,imgsize-198182,overlay-economictimes/articleshow.jpg"
        ],
        "country": "",
        "region": "",
        "source": "GDELT GEO 2.0",
        "location_precision": "point",
        "confidence": 0.35
      }
    },
    {
      "type": "Feature",
      "geometry": {
        "type": "Point",
        "coordinates": [
          100.0,
          15.0
        ]
      },
      "properties": {
        "title": "Thailand",
        "status": "fruehwarnung",
        "date": "2026-02-01",
        "summary": "Automatisch extrahierte News-Ortsnennung (GDELT).",
        "why_it_matters": "Fallback, damit die Karte nicht leer ist. Angaben koennen falsch/ungenau sein.",
        "sources": [
          "https://images.unian.net/photos/2026_01/thumb_files/620_324_1769875997-1621.jpg?1"
        ],
        "country": "",
        "region": "",
        "source": "GDELT GEO 2.0",
        "location_precision": "point",
        "confidence": 0.35
      }
    },
    {
      "type": "Feature",
      "geometry": {
        "type": "Point",
        "coordinates": [
          35.2333,
          31.7667
        ]
      },
      "properties": {
        "title": "Jerusalem, Israel (General), Israel",
        "status": "fruehwarnung",
        "date": "2026-02-01",
        "summary": "Automatisch extrahierte News-Ortsnennung (GDELT).",
        "why_it_matters": "Fallback, damit die Karte nicht leer ist. Angaben koennen falsch/ungenau sein.",
        "sources": [
          "https://www.dnn.de/resizer/v2/AMBQ3MYVHRAP5PPNKOD7D77AQY.jpg?auth=1f975738f36e48bc4b48d62c7383db2e92fbad3c79c5440d9c64d4c84932081f&quality=70&focal=1608%2C1186"
        ],
        "country": "",
        "region": "",
        "source": "GDELT GEO 2.0",
        "location_precision": "point",
        "confidence": 0.35
      }
    },
    {
      "type": "Feature",
      "geometry": {
        "type": "Point",
        "coordinates": [
          4.3333,
          50.8333
        ]
      },
      "properties": {
        "title": "Brussels, Bruxelles-Capitale, Belgium",
        "status": "fruehwarnung",
        "date": "2026-02-01",
        "summary": "Automatisch extrahierte News-Ortsnennung (GDELT).",
        "why_it_matters": "Fallback, damit die Karte nicht leer ist. Angaben koennen falsch/ungenau sein.",
        "sources": [
          "https://www.eurasiareview.com/wp-content/uploads/2025/12/a-311.jpeg"
        ],
        "country": "",
        "region": "",
        "source": "GDELT GEO 2.0",
        "location_precision": "point",
        "confidence": 0.35
      }
    },
    {
      "type": "Feature",
      "geometry": {
        "type": "Point",
        "coordinates": [
          -72.0,
          4.0
        ]
      },
      "properties": {
        "title": "Colombia",
        "status": "fruehwarnung",
        "date": "2026-02-01",
        "summary": "Automatisch extrahierte News-Ortsnennung (GDELT).",
        "why_it_matters": "Fallback, damit die Karte nicht leer ist. Angaben koennen falsch/ungenau sein.",
        "sources": [
          "https://imgmedia.larepublica.pe/1200x735/larepublica/original/2026/01/31/697e7dcae2d6ec715c0e70e0.jpg"
        ],
        "country": "",
        "region": "",
        "source": "GDELT GEO 2.0",
        "location_precision": "point",
        "confidence": 0.35
      }
    },
    {
      "type": "Feature",
      "geometry": {
        "type": "Point",
        "coordinates": [
          8.0,
          10.0
        ]
      },
      "properties": {
        "title": "Nigeria",
        "status": "fruehwarnung",
        "date": "2026-02-01",
        "summary": "Automatisch extrahierte News-Ortsnennung (GDELT).",
        "why_it_matters": "Fallback, damit die Karte nicht leer ist. Angaben koennen falsch/ungenau sein.",
        "sources": [
          "https://dailypost.ng/wp-content/uploads/2025/10/Air-Vice-Marshal-Sunday-Kelvin-Aneke.jpg"
        ],
        "country": "",
        "region": "",
        "source": "GDELT GEO 2.0",
        "location_precision": "point",
        "confidence": 0.35
      }
    },
    {
      "type": "Feature",
      "geometry": {
        "type": "Point",
        "coordinates": [
          33.0,
          35.0
        ]
      },
      "properties": {
        "title": "Cyprus",
        "status": "fruehwarnung",
        "date": "2026-02-01",
        "summary": "Automatisch extrahierte News-Ortsnennung (GDELT).",
        "why_it_matters": "Fallback, damit die Karte nicht leer ist. Angaben koennen falsch/ungenau sein.",
        "sources": [
          "https://rtcg.me/upload/media/2026/0/31/8/12/837/2414202/thumbs/5802969/thumb0.jpg"
        ],
        "country": "",
        "region": "",
        "source": "GDELT GEO 2.0",
        "location_precision": "point",
        "confidence": 0.35
      }
    },
    {
      "type": "Feature",
      "geometry": {
        "type": "Point",
        "coordinates": [
          26.0,
          -30.0
        ]
      },
      "properties": {
        "title": "South Africa",
        "status": "fruehwarnung",
        "date": "2026-02-01",
        "summary": "Automatisch extrahierte News-Ortsnennung (GDELT).",
        "why_it_matters": "Fallback, damit die Karte nicht leer ist. Angaben koennen falsch/ungenau sein.",
        "sources": [
          "https://e01-phantom-elmundo.uecdn.es/ee3fc773beefa7e4330f33414b8a8657/crop/0x33/3072x2081/resize/1200/f/webp/assets/multimedia/imagenes/2026/01/30/17697771014721.jpg"
        ],
        "country": "",
        "region": "",
        "source": "GDELT GEO 2.0",
        "location_precision": "point",
        "confidence": 0.35
      }
    },
    {
      "type": "Feature",
      "geometry": {
        "type": "Point",
        "coordinates": [
          122.0,
          13.0
        ]
      },
      "properties": {
        "title": "Philippines",
        "status": "fruehwarnung",
        "date": "2026-02-01",
        "summary": "Automatisch extrahierte News-Ortsnennung (GDELT).",
        "why_it_matters": "Fallback, damit die Karte nicht leer ist. Angaben koennen falsch/ungenau sein.",
        "sources": [
          "https://men.gsstatic.es/sfAttachPlugin/social/3654765.jpg"
        ],
        "country": "",
        "region": "",
        "source": "GDELT GEO 2.0",
        "location_precision": "point",
        "confidence": 0.35
      }
    },
    {
      "type": "Feature",
      "geometry": {
        "type": "Point",
        "coordinates": [
          26.0,
          64.0
        ]
      },
      "properties": {
        "title": "Finland",
        "status": "fruehwarnung",
        "date": "2026-02-01",
        "summary": "Automatisch extrahierte News-Ortsnennung (GDELT).",
        "why_it_matters": "Fallback, damit die Karte nicht leer ist. Angaben koennen falsch/ungenau sein.",
        "sources": [
          "https://s.yimg.com/ny/api/res/1.2/WT8lYD_qXWOuKUl1jh_TPA--/YXBwaWQ9aGlnaGxhbmRlcjt3PTEyMDA7aD05MDA7Y2Y9d2VicA--/https://media.zenfs.com/en/business_insider_consolidated_articles_886/a1cfea83e59a38e1931436c0349efd1e"
        ],
        "country": "",
        "region": "",
        "source": "GDELT GEO 2.0",
        "location_precision": "point",
        "confidence": 0.35
      }
    },
    {
      "type": "Feature",
      "geometry": {
        "type": "Point",
        "coordinates": [
          2.3333,
          48.8667
        ]
      },
      "properties": {
        "title": "Paris, France (General), France",
        "status": "fruehwarnung",
        "date": "2026-02-01",
        "summary": "Automatisch extrahierte News-Ortsnennung (GDELT).",
        "why_it_matters": "Fallback, damit die Karte nicht leer ist. Angaben koennen falsch/ungenau sein.",
        "sources": [
          "https://vanguardia.com.mx/binrepository/568x424/0c0/1200d630/down-right/11604/LQIH/06_1-14352445_20260131161659.jpg"
        ],
        "country": "",
        "region": "",
        "source": "GDELT GEO 2.0",
        "location_precision": "point",
        "confidence": 0.35
      }
    },
    {
      "type": "Feature",
      "geometry": {
        "type": "Point",
        "coordinates": [
          21.0,
          44.0
        ]
      },
      "properties": {
        "title": "Serbia",
        "status": "fruehwarnung",
        "date": "2026-02-01",
        "summary": "Automatisch extrahierte News-Ortsnennung (GDELT).",
        "why_it_matters": "Fallback, damit die Karte nicht leer ist. Angaben koennen falsch/ungenau sein.",
        "sources": [
          "https://ocdn.eu/pulscms-transforms/1/L7_ktkpTURBXy80MmI4Mjk4ZjM0YTFhZGQ3YmUyNTk2NGViNjA3MzMxZS5qcGeRkwXNBLDNAqM"
        ],
        "country": "",
        "region": "",
        "source": "GDELT GEO 2.0",
        "location_precision": "point",
        "confidence": 0.35
      }
    },
    {
      "type": "Feature",
      "geometry": {
        "type": "Point",
        "coordinates": [
          12.5833,
          55.6667
        ]
      },
      "properties": {
        "title": "Copenhagen, KøAvn*, Denmark",
        "status": "fruehwarnung",
        "date": "2026-02-01",
        "summary": "Automatisch extrahierte News-Ortsnennung (GDELT).",
        "why_it_matters": "Fallback, damit die Karte nicht leer ist. Angaben koennen falsch/ungenau sein.",
        "sources": [],
        "country": "",
        "region": "",
        "source": "GDELT GEO 2.0",
        "location_precision": "point",
        "confidence": 0.35
      }
    },
    {
      "type": "Feature",
      "geometry": {
        "type": "Point",
        "coordinates": [
          28.6767,
          50.2649
        ]
      },
      "properties": {
        "title": "Zhitomir, Zhytomyrs'ka Oblast', Ukraine",
        "status": "fruehwarnung",
        "date": "2026-02-01",
        "summary": "Automatisch extrahierte News-Ortsnennung (GDELT).",
        "why_it_matters": "Fallback, damit die Karte nicht leer ist. Angaben koennen falsch/ungenau sein.",
        "sources": [
          "http://cdn.iz.ru/sites/default/files/styles/900x506/public/news-2026-01/TASS_85461597%20copy.jpg?itok=HUMRevnt"
        ],
        "country": "",
        "region": "",
        "source": "GDELT GEO 2.0",
        "location_precision": "point",
        "confidence": 0.35
      }
    },
    {
      "type": "Feature",
      "geometry": {
        "type": "Point",
        "coordinates": [
          120.0,
          -5.0
        ]
      },
      "properties": {
        "title": "Indonesia",
        "status": "fruehwarnung",
        "date": "2026-02-01",
        "summary": "Automatisch extrahierte News-Ortsnennung (GDELT).",
        "why_it_matters": "Fallback, damit die Karte nicht leer ist. Angaben koennen falsch/ungenau sein.",
        "sources": [
          "https://cdns.klimg.com/mav-prod-resized/1280x720/ori/image_bank/2026/02/01/000102.328-great-institute-dunia-butuh-prinsip-inclusive-security-di-tengah-gejolak-geopolitik-global-1.jpeg"
        ],
        "country": "",
        "region": "",
        "source": "GDELT GEO 2.0",
        "location_precision": "point",
        "confidence": 0.35
      }
    },
    {
      "type": "Feature",
      "geometry": {
        "type": "Point",
        "coordinates": [
          25.0,
          43.0
        ]
      },
      "properties": {
        "title": "Bulgaria",
        "status": "fruehwarnung",
        "date": "2026-02-01",
        "summary": "Automatisch extrahierte News-Ortsnennung (GDELT).",
        "why_it_matters": "Fallback, damit die Karte nicht leer ist. Angaben koennen falsch/ungenau sein.",
        "sources": [
          "https://ocdn.eu/pulscms-transforms/1/yFbktkpTURBXy8zZmZhYWE2YTIyMTZjMDU3NWFhNjIxMjIyMTQ2YzM0Ny5qcGeRkwXNBLDNAqM"
        ],
        "country": "",
        "region": "",
        "source": "GDELT GEO 2.0",
        "location_precision": "point",
        "confidence": 0.35
      }
    },
    {
      "type": "Feature",
      "geometry": {
        "type": "Point",
        "coordinates": [
          -97.6475,
          31.106
        ]
      },
      "properties": {
        "title": "Texas, United States",
        "status": "fruehwarnung",
        "date": "2026-02-01",
        "summary": "Automatisch extrahierte News-Ortsnennung (GDELT).",
        "why_it_matters": "Fallback, damit die Karte nicht leer ist. Angaben koennen falsch/ungenau sein.",
        "sources": [
          "https://foto.haberler.com/haber/2026/01/31/abd-bugune-kadar-hangi-topraklari-satin-aldi-19521792_amp.jpg"
        ],
        "country": "",
        "region": "",
        "source": "GDELT GEO 2.0",
        "location_precision": "point",
        "confidence": 0.35
      }
    },
    {
      "type": "Feature",
      "geometry": {
        "type": "Point",
        "coordinates": [
          -55.0,
          -10.0
        ]
      },
      "properties": {
        "title": "Brazil",
        "status": "fruehwarnung",
        "date": "2026-02-01",
        "summary": "Automatisch extrahierte News-Ortsnennung (GDELT).",
        "why_it_matters": "Fallback, damit die Karte nicht leer ist. Angaben koennen falsch/ungenau sein.",
        "sources": [
          "https://tn.com.ar/resizer/v2/batalla-de-quilmes-foto-gentileza-eduardo-lazzari-VSAVP64QIFEJLJGMHA5CCM2NNM.jpg?auth=a5a241c50354bf113292bac528108b5c9a2680529b34f31d1a8a6f398cd94217"
        ],
        "country": "",
        "region": "",
        "source": "GDELT GEO 2.0",
        "location_precision": "point",
        "confidence": 0.35
      }
    },
    {
      "type": "Feature",
      "geometry": {
        "type": "Point",
        "coordinates": [
          54.0,
          24.0
        ]
      },
      "properties": {
        "title": "United Arab Emirates",
        "status": "fruehwarnung",
        "date": "2026-02-01",
        "summary": "Automatisch extrahierte News-Ortsnennung (GDELT).",
        "why_it_matters": "Fallback, damit die Karte nicht leer ist. Angaben koennen falsch/ungenau sein.",
        "sources": [
          "https://www.alnilin.com/wp-content/uploads/2025/09/FB_IMG_1758707402124.avif"
        ],
        "country": "",
        "region": "",
        "source": "GDELT GEO 2.0",
        "location_precision": "point",
        "confidence": 0.35
      }
    },
    {
      "type": "Feature",
      "geometry": {
        "type": "Point",
        "coordinates": [
          13.3333,
          47.3333
        ]
      },
      "properties": {
        "title": "Austria",
        "status": "fruehwarnung",
        "date": "2026-02-01",
        "summary": "Automatisch extrahierte News-Ortsnennung (GDELT).",
        "why_it_matters": "Fallback, damit die Karte nicht leer ist. Angaben koennen falsch/ungenau sein.",
        "sources": [
          "https://image.kurier.at/images/facebook/9001341/46-197829162.jpg"
        ],
        "country": "",
        "region": "",
        "source": "GDELT GEO 2.0",
        "location_precision": "point",
        "confidence": 0.35
      }
    },
    {
      "type": "Feature",
      "geometry": {
        "type": "Point",
        "coordinates": [
          47.75,
          29.5
        ]
      },
      "properties": {
        "title": "Kuwait",
        "status": "fruehwarnung",
        "date": "2026-02-01",
        "summary": "Automatisch extrahierte News-Ortsnennung (GDELT).",
        "why_it_matters": "Fallback, damit die Karte nicht leer ist. Angaben koennen falsch/ungenau sein.",
        "sources": [
          "https://www.emaratalyoum.com/polopoly_fs/1.2011464.1769890536!/image/image.jpeg"
        ],
        "country": "",
        "region": "",
        "source": "GDELT GEO 2.0",
        "location_precision": "point",
        "confidence": 0.35
      }
    },
    {
      "type": "Feature",
      "geometry": {
        "type": "Point",
        "coordinates": [
          47.5,
          40.5
        ]
      },
      "properties": {
        "title": "Azerbaijan",
        "status": "fruehwarnung",
        "date": "2026-02-01",
        "summary": "Automatisch extrahierte News-Ortsnennung (GDELT).",
        "why_it_matters": "Fallback, damit die Karte nicht leer ist. Angaben koennen falsch/ungenau sein.",
        "sources": [
          "https://www.enikos.gr/wp-content/uploads/2026/02/israel-turkey.jpg"
        ],
        "country": "",
        "region": "",
        "source": "GDELT GEO 2.0",
        "location_precision": "point",
        "confidence": 0.35
      }
    },
    {
      "type": "Feature",
      "geometry": {
        "type": "Point",
        "coordinates": [
          90.0,
          24.0
        ]
      },
      "properties": {
        "title": "Bangladesh",
        "status": "fruehwarnung",
        "date": "2026-02-01",
        "summary": "Automatisch extrahierte News-Ortsnennung (GDELT).",
        "why_it_matters": "Fallback, damit die Karte nicht leer ist. Angaben koennen falsch/ungenau sein.",
        "sources": [
          "https://static-cdn.sr.se/images/83/d6fb6a07-b706-42d8-845f-588db372c50b.jpg"
        ],
        "country": "",
        "region": "",
        "source": "GDELT GEO 2.0",
        "location_precision": "point",
        "confidence": 0.35
      }
    },
    {
      "type": "Feature",
      "geometry": {
        "type": "Point",
        "coordinates": [
          73.1667,
          33.7
        ]
      },
      "properties": {
        "title": "Islamabad, Islamabad, Pakistan",
        "status": "fruehwarnung",
        "date": "2026-02-01",
        "summary": "Automatisch extrahierte News-Ortsnennung (GDELT).",
        "why_it_matters": "Fallback, damit die Karte nicht leer ist. Angaben koennen falsch/ungenau sein.",
        "sources": [
          "https://dam.mediacorp.sg/image/upload/s--zs1HF2Qr--/c_fill,g_auto,h_338,w_600/fl_relative,g_south_east,l_mediacorp:cna:watermark:2023-11:afp_watermark_14112023,w_0.1/f_auto,q_auto/v1/mediacorp/cna/image/2026/01/31/balochistan_mod.jpg?itok=qMwd_mTD"
        ],
        "country": "",
        "region": "",
        "source": "GDELT GEO 2.0",
        "location_precision": "point",
        "confidence": 0.35
      }
    },
    {
      "type": "Feature",
      "geometry": {
        "type": "Point",
        "coordinates": [
          35.95,
          15.0667
        ]
      },
      "properties": {
        "title": "Fasher, Kassala, Sudan",
        "status": "fruehwarnung",
        "date": "2026-02-01",
        "summary": "Automatisch extrahierte News-Ortsnennung (GDELT).",
        "why_it_matters": "Fallback, damit die Karte nicht leer ist. Angaben koennen falsch/ungenau sein.",
        "sources": [
          "https://bloximages.newyork1.vip.townnews.com/union-bulletin.com/content/tncms/assets/v3/editorial/0/c0/0c034f68-12de-5298-bcc1-308fb187f7f4/697db212aedeb.image.jpg?crop=1763%2C926%2C0%2C124"
        ],
        "country": "",
        "region": "",
        "source": "GDELT GEO 2.0",
        "location_precision": "point",
        "confidence": 0.35
      }
    },
    {
      "type": "Feature",
      "geometry": {
        "type": "Point",
        "coordinates": [
          127.0,
          40.0
        ]
      },
      "properties": {
        "title": "North Korea",
        "status": "fruehwarnung",
        "date": "2026-02-01",
        "summary": "Automatisch extrahierte News-Ortsnennung (GDELT).",
        "why_it_matters": "Fallback, damit die Karte nicht leer ist. Angaben koennen falsch/ungenau sein.",
        "sources": [
          "https://static.langimg.com/nbt/thumb/127819016/world-war-3-russia-us-china.jpg?imgsize=56952&resizemode=75"
        ],
        "country": "",
        "region": "",
        "source": "GDELT GEO 2.0",
        "location_precision": "point",
        "confidence": 0.35
      }
    },
    {
      "type": "Feature",
      "geometry": {
        "type": "Point",
        "coordinates": [
          -93.2638,
          44.98
        ]
      },
      "properties": {
        "title": "Minneapolis, Minnesota, United States",
        "status": "fruehwarnung",
        "date": "2026-02-01",
        "summary": "Automatisch extrahierte News-Ortsnennung (GDELT).",
        "why_it_matters": "Fallback, damit die Karte nicht leer ist. Angaben koennen falsch/ungenau sein.",
        "sources": [
          "https://www.odnako.org/wp-content/uploads/2026/01/Federal-agent-kills-37-year-old-nurse-anger-rises-in-Minneapolis.jpg"
        ],
        "country": "",
        "region": "",
        "source": "GDELT GEO 2.0",
        "location_precision": "point",
        "confidence": 0.35
      }
    },
    {
      "type": "Feature",
      "geometry": {
        "type": "Point",
        "coordinates": [
          25.0,
          57.0
        ]
      },
      "properties": {
        "title": "Latvia",
        "status": "fruehwarnung",
        "date": "2026-02-01",
        "summary": "Automatisch extrahierte News-Ortsnennung (GDELT).",
        "why_it_matters": "Fallback, damit die Karte nicht leer ist. Angaben koennen falsch/ungenau sein.",
        "sources": [
          "https://resizer.mail.ru/p/a4899038-cf39-507b-b221-11fc5c768346/AQAGPpBR-q3vedRXjtCE__BoDgK4arrMydz4uO4AfY_T_ftamLN-YyJimbEyuDJ62OP4GYjWpEg57D-nX55d1BlacVM.jpg"
        ],
        "country": "",
        "region": "",
        "source": "GDELT GEO 2.0",
        "location_precision": "point",
        "confidence": 0.35
      }
    },
    {
      "type": "Feature",
      "geometry": {
        "type": "Point",
        "coordinates": [
          -2.6167,
          59.15
        ]
      },
      "properties": {
        "title": "Whitehall, Orkney Islands, United Kingdom",
        "status": "fruehwarnung",
        "date": "2026-02-01",
        "summary": "Automatisch extrahierte News-Ortsnennung (GDELT).",
        "why_it_matters": "Fallback, damit die Karte nicht leer ist. Angaben koennen falsch/ungenau sein.",
        "sources": [
          "https://s.yimg.com/cv/apiv2/aolfp/images/og-image.png"
        ],
        "country": "",
        "region": "",
        "source": "GDELT GEO 2.0",
        "location_precision": "point",
        "confidence": 0.35
      }
    },
    {
      "type": "Feature",
      "geometry": {
        "type": "Point",
        "coordinates": [
          -5.0,
          32.0
        ]
      },
      "properties": {
        "title": "Morocco",
        "status": "fruehwarnung",
        "date": "2026-02-01",
        "summary": "Automatisch extrahierte News-Ortsnennung (GDELT).",
        "why_it_matters": "Fallback, damit die Karte nicht leer ist. Angaben koennen falsch/ungenau sein.",
        "sources": [
          "https://www.shorouknews.com/uploadedimages/Sections/Sports/original/Screenshot%202025-09-19%20204044.jpg"
        ],
        "country": "",
        "region": "",
        "source": "GDELT GEO 2.0",
        "location_precision": "point",
        "confidence": 0.35
      }
    },
    {
      "type": "Feature",
      "geometry": {
        "type": "Point",
        "coordinates": [
          -0.05,
          51.5167
        ]
      },
      "properties": {
        "title": "Whitechapel, Tower Hamlets, United Kingdom",
        "status": "fruehwarnung",
        "date": "2026-02-01",
        "summary": "Automatisch extrahierte News-Ortsnennung (GDELT).",
        "why_it_matters": "Fallback, damit die Karte nicht leer ist. Angaben koennen falsch/ungenau sein.",
        "sources": [
          "https://s.yimg.com/cv/apiv2/aolfp/images/og-image.png"
        ],
        "country": "",
        "region": "",
        "source": "GDELT GEO 2.0",
        "location_precision": "point",
        "confidence": 0.35
      }
    },
    {
      "type": "Feature",
      "geometry": {
        "type": "Point",
        "coordinates": [
          45.0,
          40.0
        ]
      },
      "properties": {
        "title": "Armenia",
        "status": "fruehwarnung",
        "date": "2026-02-01",
        "summary": "Automatisch extrahierte News-Ortsnennung (GDELT).",
        "why_it_matters": "Fallback, damit die Karte nicht leer ist. Angaben koennen falsch/ungenau sein.",
        "sources": [
          "https://imageio.forbes.com/specials-images/imageserve/697d6d5c851ce609af8a3f5d/0x0.jpg?format=jpg&fit=bounds"
        ],
        "country": "",
        "region": "",
        "source": "GDELT GEO 2.0",
        "location_precision": "point",
        "confidence": 0.35
      }
    },
    {
      "type": "Feature",
      "geometry": {
        "type": "Point",
        "coordinates": [
          5.75,
          52.5
        ]
      },
      "properties": {
        "title": "Netherlands",
        "status": "fruehwarnung",
        "date": "2026-02-01",
        "summary": "Automatisch extrahierte News-Ortsnennung (GDELT).",
        "why_it_matters": "Fallback, damit die Karte nicht leer ist. Angaben koennen falsch/ungenau sein.",
        "sources": [
          "https://s1.staticld.com/2025/04/22/reina-sonia-noruega-harald-recorte.jpg"
        ],
        "country": "",
        "region": "",
        "source": "GDELT GEO 2.0",
        "location_precision": "point",
        "confidence": 0.35
      }
    },
    {
      "type": "Feature",
      "geometry": {
        "type": "Point",
        "coordinates": [
          48.0,
          6.0
        ]
      },
      "properties": {
        "title": "Somalia",
        "status": "fruehwarnung",
        "date": "2026-02-01",
        "summary": "Automatisch extrahierte News-Ortsnennung (GDELT).",
        "why_it_matters": "Fallback, damit die Karte nicht leer ist. Angaben koennen falsch/ungenau sein.",
        "sources": [
          "https://s.yimg.com/ny/api/res/1.2/nBQKcCjFW9wsiGCf2Om2Uw--/YXBwaWQ9aGlnaGxhbmRlcjt3PTEyMDA7aD04MDA7Y2Y9d2VicA--/https://media.zenfs.com/en/people_218/a1908de17f4335bf7eb15b5d26cea2db"
        ],
        "country": "",
        "region": "",
        "source": "GDELT GEO 2.0",
        "location_precision": "point",
        "confidence": 0.35
      }
    },
    {
      "type": "Feature",
      "geometry": {
        "type": "Point",
        "coordinates": [
          36.3,
          33.5
        ]
      },
      "properties": {
        "title": "Damascus, Dimashq, Syria",
        "status": "fruehwarnung",
        "date": "2026-02-01",
        "summary": "Automatisch extrahierte News-Ortsnennung (GDELT).",
        "why_it_matters": "Fallback, damit die Karte nicht leer ist. Angaben koennen falsch/ungenau sein.",
        "sources": [
          "https://s.yimg.com/ny/api/res/1.2/Qv_qvqOo0BUkCgJSTlLQ0g--/YXBwaWQ9aGlnaGxhbmRlcjt3PTEyMDA7aD04MDA7Y2Y9d2VicA--/https://media.zenfs.com/en/ap.org/0290afafa53101e21ce22d85a0180eea"
        ],
        "country": "",
        "region": "",
        "source": "GDELT GEO 2.0",
        "location_precision": "point",
        "confidence": 0.35
      }
    },
    {
      "type": "Feature",
      "geometry": {
        "type": "Point",
        "coordinates": [
          13.4,
          52.5167
        ]
      },
      "properties": {
        "title": "Berlin, Berlin, Germany",
        "status": "fruehwarnung",
        "date": "2026-02-01",
        "summary": "Automatisch extrahierte News-Ortsnennung (GDELT).",
        "why_it_matters": "Fallback, damit die Karte nicht leer ist. Angaben koennen falsch/ungenau sein.",
        "sources": [
          "https://www.eurasiareview.com/wp-content/uploads/2025/03/a-47.jpeg"
        ],
        "country": "",
        "region": "",
        "source": "GDELT GEO 2.0",
        "location_precision": "point",
        "confidence": 0.35
      }
    },
    {
      "type": "Feature",
      "geometry": {
        "type": "Point",
        "coordinates": [
          67.0097,
          30.199
        ]
      },
      "properties": {
        "title": "Quetta, Balochistan, Pakistan",
        "status": "fruehwarnung",
        "date": "2026-02-01",
        "summary": "Automatisch extrahierte News-Ortsnennung (GDELT).",
        "why_it_matters": "Fallback, damit die Karte nicht leer ist. Angaben koennen falsch/ungenau sein.",
        "sources": [
          "https://apicms.thestar.com.my/uploads/images/2026/01/31/3747857.jpg"
        ],
        "country": "",
        "region": "",
        "source": "GDELT GEO 2.0",
        "location_precision": "point",
        "confidence": 0.35
      }
    },
    {
      "type": "Feature",
      "geometry": {
        "type": "Point",
        "coordinates": [
          -8.0,
          39.5
        ]
      },
      "properties": {
        "title": "Portugal",
        "status": "fruehwarnung",
        "date": "2026-02-01",
        "summary": "Automatisch extrahierte News-Ortsnennung (GDELT).",
        "why_it_matters": "Fallback, damit die Karte nicht leer ist. Angaben koennen falsch/ungenau sein.",
        "sources": [
          "https://media-manager.noticiasaominuto.com/1920/naom_697e28f7abfac.jpg"
        ],
        "country": "",
        "region": "",
        "source": "GDELT GEO 2.0",
        "location_precision": "point",
        "confidence": 0.35
      }
    },
    {
      "type": "Feature",
      "geometry": {
        "type": "Point",
        "coordinates": [
          23.5,
          13.5
        ]
      },
      "properties": {
        "title": "Darfur, Gharb Darfur, Sudan",
        "status": "fruehwarnung",
        "date": "2026-02-01",
        "summary": "Automatisch extrahierte News-Ortsnennung (GDELT).",
        "why_it_matters": "Fallback, damit die Karte nicht leer ist. Angaben koennen falsch/ungenau sein.",
        "sources": [
          "https://www.diariocritico.com/imagenes/og_image.png"
        ],
        "country": "",
        "region": "",
        "source": "GDELT GEO 2.0",
        "location_precision": "point",
        "confidence": 0.35
      }
    },
    {
      "type": "Feature",
      "geometry": {
        "type": "Point",
        "coordinates": [
          49.4086,
          37.0364
        ]
      },
      "properties": {
        "title": "Taleghan, Gilan, Iran",
        "status": "fruehwarnung",
        "date": "2026-02-01",
        "summary": "Automatisch extrahierte News-Ortsnennung (GDELT).",
        "why_it_matters": "Fallback, damit die Karte nicht leer ist. Angaben koennen falsch/ungenau sein.",
        "sources": [
          "https://wehco.media.clients.ellingtoncms.com/imports/adg/img/2026/02/01/212114521_212114521-9d9e76ab8f4346fcbabd40916b777189_t1200.jpg?57a0c2296240c280e9492005c3cad63e7cbe80f4"
        ],
        "country": "",
        "region": "",
        "source": "GDELT GEO 2.0",
        "location_precision": "point",
        "confidence": 0.35
      }
    },
    {
      "type": "Feature",
      "geometry": {
        "type": "Point",
        "coordinates": [
          -83.6487,
          32.9866
        ]
      },
      "properties": {
        "title": "Georgia, United States",
        "status": "fruehwarnung",
        "date": "2026-02-01",
        "summary": "Automatisch extrahierte News-Ortsnennung (GDELT).",
        "why_it_matters": "Fallback, damit die Karte nicht leer ist. Angaben koennen falsch/ungenau sein.",
        "sources": [
          "https://berliner-zeitung-msp-prod.imgix.net/2026/01/30/825c4d71-c145-457b-934a-453553115c88.jpg?&auto=format"
        ],
        "country": "",
        "region": "",
        "source": "GDELT GEO 2.0",
        "location_precision": "point",
        "confidence": 0.35
      }
    },
    {
      "type": "Feature",
      "geometry": {
        "type": "Point",
        "coordinates": [
          -3.6833,
          40.4
        ]
      },
      "properties": {
        "title": "Madrid, Madrid, Spain",
        "status": "fruehwarnung",
        "date": "2026-02-01",
        "summary": "Automatisch extrahierte News-Ortsnennung (GDELT).",
        "why_it_matters": "Fallback, damit die Karte nicht leer ist. Angaben koennen falsch/ungenau sein.",
        "sources": [
          "https://www.secoloditalia.it/files/2026/01/valle-de-los-caidos.jpg"
        ],
        "country": "",
        "region": "",
        "source": "GDELT GEO 2.0",
        "location_precision": "point",
        "confidence": 0.35
      }
    },
    {
      "type": "Feature",
      "geometry": {
        "type": "Point",
        "coordinates": [
          12.4833,
          41.9
        ]
      },
      "properties": {
        "title": "Rome, Lazio, Italy",
        "status": "fruehwarnung",
        "date": "2026-02-01",
        "summary": "Automatisch extrahierte News-Ortsnennung (GDELT).",
        "why_it_matters": "Fallback, damit die Karte nicht leer ist. Angaben koennen falsch/ungenau sein.",
        "sources": [],
        "country": "",
        "region": "",
        "source": "GDELT GEO 2.0",
        "location_precision": "point",
        "confidence": 0.35
      }
    },
    {
      "type": "Feature",
      "geometry": {
        "type": "Point",
        "coordinates": [
          38.0,
          1.0
        ]
      },
      "properties": {
        "title": "Kenya",
        "status": "fruehwarnung",
        "date": "2026-02-01",
        "summary": "Automatisch extrahierte News-Ortsnennung (GDELT).",
        "why_it_matters": "Fallback, damit die Karte nicht leer ist. Angaben koennen falsch/ungenau sein.",
        "sources": [
          "https://unn.ua/img/2026/01/31/1769868006-2503-large.webp"
        ],
        "country": "",
        "region": "",
        "source": "GDELT GEO 2.0",
        "location_precision": "point",
        "confidence": 0.35
      }
    },
    {
      "type": "Feature",
      "geometry": {
        "type": "Point",
        "coordinates": [
          114.1667,
          22.25
        ]
      },
      "properties": {
        "title": "Hong Kong",
        "status": "fruehwarnung",
        "date": "2026-02-01",
        "summary": "Automatisch extrahierte News-Ortsnennung (GDELT).",
        "why_it_matters": "Fallback, damit die Karte nicht leer ist. Angaben koennen falsch/ungenau sein.",
        "sources": [
          "https://attach.setn.com/newsimages/2025/11/28/5363847-PH.jpg"
        ],
        "country": "",
        "region": "",
        "source": "GDELT GEO 2.0",
        "location_precision": "point",
        "confidence": 0.35
      }
    },
    {
      "type": "Feature",
      "geometry": {
        "type": "Point",
        "coordinates": [
          34.4835,
          31.5272
        ]
      },
      "properties": {
        "title": "Jabaliya, Gaza Strip (General), Gaza Strip",
        "status": "fruehwarnung",
        "date": "2026-02-01",
        "summary": "Automatisch extrahierte News-Ortsnennung (GDELT).",
        "why_it_matters": "Fallback, damit die Karte nicht leer ist. Angaben koennen falsch/ungenau sein.",
        "sources": [
          "https://bloximages.newyork1.vip.townnews.com/nvdaily.com/content/tncms/assets/v3/editorial/1/ac/1ac9472b-9a43-54f5-8aee-110cb65eedb9/697b93d8e828e.image.jpg?crop=1763%2C926%2C0%2C124"
        ],
        "country": "",
        "region": "",
        "source": "GDELT GEO 2.0",
        "location_precision": "point",
        "confidence": 0.35
      }
    },
    {
      "type": "Feature",
      "geometry": {
        "type": "Point",
        "coordinates": [
          3.0,
          28.0
        ]
      },
      "properties": {
        "title": "Algeria",
        "status": "fruehwarnung",
        "date": "2026-02-01",
        "summary": "Automatisch extrahierte News-Ortsnennung (GDELT).",
        "why_it_matters": "Fallback, damit die Karte nicht leer ist. Angaben koennen falsch/ungenau sein.",
        "sources": [
          "https://www.shorouknews.com/uploadedimages/Sections/Sports/original/Screenshot%202025-09-19%20204044.jpg"
        ],
        "country": "",
        "region": "",
        "source": "GDELT GEO 2.0",
        "location_precision": "point",
        "confidence": 0.35
      }
    },
    {
      "type": "Feature",
      "geometry": {
        "type": "Point",
        "coordinates": [
          31.2849,
          51.5055
        ]
      },
      "properties": {
        "title": "Chernihiv, Chernihivs'ka Oblast', Ukraine",
        "status": "fruehwarnung",
        "date": "2026-02-01",
        "summary": "Automatisch extrahierte News-Ortsnennung (GDELT).",
        "why_it_matters": "Fallback, damit die Karte nicht leer ist. Angaben koennen falsch/ungenau sein.",
        "sources": [
          "https://gdb.rferl.org/8c1a786d-2263-4a9b-4898-08de3c91433d_cx0_cy32_cw0_w1200_h630.jpg"
        ],
        "country": "",
        "region": "",
        "source": "GDELT GEO 2.0",
        "location_precision": "point",
        "confidence": 0.35
      }
    },
    {
      "type": "Feature",
      "geometry": {
        "type": "Point",
        "coordinates": [
          -8.0,
          53.0
        ]
      },
      "properties": {
        "title": "Ireland",
        "status": "fruehwarnung",
        "date": "2026-02-01",
        "summary": "Automatisch extrahierte News-Ortsnennung (GDELT).",
        "why_it_matters": "Fallback, damit die Karte nicht leer ist. Angaben koennen falsch/ungenau sein.",
        "sources": [
          "https://www.rappler.com/tachyon/2026/01/kashmir-republic-day-parade-january-24-2026-001-scaled.jpg"
        ],
        "country": "",
        "region": "",
        "source": "GDELT GEO 2.0",
        "location_precision": "point",
        "confidence": 0.35
      }
    },
    {
      "type": "Feature",
      "geometry": {
        "type": "Point",
        "coordinates": [
          39.0,
          15.0
        ]
      },
      "properties": {
        "title": "Eritrea",
        "status": "fruehwarnung",
        "date": "2026-02-01",
        "summary": "Automatisch extrahierte News-Ortsnennung (GDELT).",
        "why_it_matters": "Fallback, damit die Karte nicht leer ist. Angaben koennen falsch/ungenau sein.",
        "sources": [
          "https://wardheernews.com/wp-content/uploads/2026/02/Ethiopian-Airlines-Bole-Int-Airport.jpg"
        ],
        "country": "",
        "region": "",
        "source": "GDELT GEO 2.0",
        "location_precision": "point",
        "confidence": 0.35
      }
    },
    {
      "type": "Feature",
      "geometry": {
        "type": "Point",
        "coordinates": [
          8.0,
          16.0
        ]
      },
      "properties": {
        "title": "Niger",
        "status": "fruehwarnung",
        "date": "2026-02-01",
        "summary": "Automatisch extrahierte News-Ortsnennung (GDELT).",
        "why_it_matters": "Fallback, damit die Karte nicht leer ist. Angaben koennen falsch/ungenau sein.",
        "sources": [
          "https://www.alwihdainfo.com/photo/art/grande/94001220-65604090.jpg?v=1769847519"
        ],
        "country": "",
        "region": "",
        "source": "GDELT GEO 2.0",
        "location_precision": "point",
        "confidence": 0.35
      }
    },
    {
      "type": "Feature",
      "geometry": {
        "type": "Point",
        "coordinates": [
          4.0,
          50.8333
        ]
      },
      "properties": {
        "title": "Belgium",
        "status": "fruehwarnung",
        "date": "2026-02-01",
        "summary": "Automatisch extrahierte News-Ortsnennung (GDELT).",
        "why_it_matters": "Fallback, damit die Karte nicht leer ist. Angaben koennen falsch/ungenau sein.",
        "sources": [
          "https://www.mundodeportivo.com/files/og_thumbnail/uploads/2026/01/31/697e59fb92d69.png"
        ],
        "country": "",
        "region": "",
        "source": "GDELT GEO 2.0",
        "location_precision": "point",
        "confidence": 0.35
      }
    },
    {
      "type": "Feature",
      "geometry": {
        "type": "Point",
        "coordinates": [
          -121.494,
          38.5816
        ]
      },
      "properties": {
        "title": "Sacramento, California, United States",
        "status": "fruehwarnung",
        "date": "2026-02-01",
        "summary": "Automatisch extrahierte News-Ortsnennung (GDELT).",
        "why_it_matters": "Fallback, damit die Karte nicht leer ist. Angaben koennen falsch/ungenau sein.",
        "sources": [
          "https://www.marinij.com/wp-content/uploads/2018/08/NEWS_180829910_AR_0_GZNPDAXQJDVO1.jpg"
        ],
        "country": "",
        "region": "",
        "source": "GDELT GEO 2.0",
        "location_precision": "point",
        "confidence": 0.35
      }
    },
    {
      "type": "Feature",
      "geometry": {
        "type": "Point",
        "coordinates": [
          2.1833,
          41.3833
        ]
      },
      "properties": {
        "title": "Barcelona, Comunidad Autonoma De Cataluna, Spain",
        "status": "fruehwarnung",
        "date": "2026-02-01",
        "summary": "Automatisch extrahierte News-Ortsnennung (GDELT).",
        "why_it_matters": "Fallback, damit die Karte nicht leer ist. Angaben koennen falsch/ungenau sein.",
        "sources": [
          "https://estaticos-cdn.prensaiberica.es/clip/c82c832a-26ab-4657-ac7f-6c2da730154b_16-9-discover-aspect-ratio_default_0_x1164y507.jpg"
        ],
        "country": "",
        "region": "",
        "source": "GDELT GEO 2.0",
        "location_precision": "point",
        "confidence": 0.35
      }
    },
    {
      "type": "Feature",
      "geometry": {
        "type": "Point",
        "coordinates": [
          32.8644,
          39.9272
        ]
      },
      "properties": {
        "title": "Ankara, Ankara, Turkey",
        "status": "fruehwarnung",
        "date": "2026-02-01",
        "summary": "Automatisch extrahierte News-Ortsnennung (GDELT).",
        "why_it_matters": "Fallback, damit die Karte nicht leer ist. Angaben koennen falsch/ungenau sein.",
        "sources": [
          "https://s.yimg.com/ny/api/res/1.2/Qv_qvqOo0BUkCgJSTlLQ0g--/YXBwaWQ9aGlnaGxhbmRlcjt3PTEyMDA7aD04MDA7Y2Y9d2VicA--/https://media.zenfs.com/en/ap.org/0290afafa53101e21ce22d85a0180eea"
        ],
        "country": "",
        "region": "",
        "source": "GDELT GEO 2.0",
        "location_precision": "point",
        "confidence": 0.35
      }
    },
    {
      "type": "Feature",
      "geometry": {
        "type": "Point",
        "coordinates": [
          -121.53,
          38.5805
        ]
      },
      "properties": {
        "title": "West Sacramento, California, United States",
        "status": "fruehwarnung",
        "date": "2026-02-01",
        "summary": "Automatisch extrahierte News-Ortsnennung (GDELT).",
        "why_it_matters": "Fallback, damit die Karte nicht leer ist. Angaben koennen falsch/ungenau sein.",
        "sources": [
          "https://kubrick.htvapps.com/vidthumb/f6792d58-93ea-4d9d-86c1-34805f381dd6/2036d03e-7015-464a-89d1-00415a7dd574.jpg?crop=0.752xw:0.751xh;0,0"
        ],
        "country": "",
        "region": "",
        "source": "GDELT GEO 2.0",
        "location_precision": "point",
        "confidence": 0.35
      }
    },
    {
      "type": "Feature",
      "geometry": {
        "type": "Point",
        "coordinates": [
          28.9647,
          41.0186
        ]
      },
      "properties": {
        "title": "Istanbul, Istanbul, Turkey",
        "status": "fruehwarnung",
        "date": "2026-02-01",
        "summary": "Automatisch extrahierte News-Ortsnennung (GDELT).",
        "why_it_matters": "Fallback, damit die Karte nicht leer ist. Angaben koennen falsch/ungenau sein.",
        "sources": [
          "https://estaticos-cdn.prensaiberica.es/clip/2873783f-b99f-44d1-8606-c564c0fc5877_16-9-discover-aspect-ratio_default_0_x480y213.jpg"
        ],
        "country": "",
        "region": "",
        "source": "GDELT GEO 2.0",
        "location_precision": "point",
        "confidence": 0.35
      }
    },
    {
      "type": "Feature",
      "geometry": {
        "type": "Point",
        "coordinates": [
          149.217,
          -35.2833
        ]
      },
      "properties": {
        "title": "Canberra, Australian Capital Territory, Australia",
        "status": "fruehwarnung",
        "date": "2026-02-01",
        "summary": "Automatisch extrahierte News-Ortsnennung (GDELT).",
        "why_it_matters": "Fallback, damit die Karte nicht leer ist. Angaben koennen falsch/ungenau sein.",
        "sources": [
          "https://www.tribuneindia.com/sortd-service/imaginary/v22-01/jpg/large/high?url=dGhldHJpYnVuZS1zb3J0ZC1wcm8tcHJvZC1zb3J0ZC9tZWRpYTk0NzM5ODcwLWZlZmQtMTFmMC05ZTU3LWE1YjYwZTQ0ZTg4ZS5qcGc="
        ],
        "country": "",
        "region": "",
        "source": "GDELT GEO 2.0",
        "location_precision": "point",
        "confidence": 0.35
      }
    },
    {
      "type": "Feature",
      "geometry": {
        "type": "Point",
        "coordinates": [
          -66.9167,
          10.5
        ]
      },
      "properties": {
        "title": "Caracas, Distrito Federal, Venezuela",
        "status": "fruehwarnung",
        "date": "2026-02-01",
        "summary": "Automatisch extrahierte News-Ortsnennung (GDELT).",
        "why_it_matters": "Fallback, damit die Karte nicht leer ist. Angaben koennen falsch/ungenau sein.",
        "sources": [
          "https://confirmado.com.ve/conf/conf-upload/uploads/2026/01/PM-1.jpg"
        ],
        "country": "",
        "region": "",
        "source": "GDELT GEO 2.0",
        "location_precision": "point",
        "confidence": 0.35
      }
    },
    {
      "type": "Feature",
      "geometry": {
        "type": "Point",
        "coordinates": [
          139.751,
          35.685
        ]
      },
      "properties": {
        "title": "Tokyo, Tokyo, Japan",
        "status": "fruehwarnung",
        "date": "2026-02-01",
        "summary": "Automatisch extrahierte News-Ortsnennung (GDELT).",
        "why_it_matters": "Fallback, damit die Karte nicht leer ist. Angaben koennen falsch/ungenau sein.",
        "sources": [
          "https://japonsamourai.fr/wp-content/uploads/2026/01/Les-dirigeants-japonais-et-britanniques-confirmeront-leurs-liens-en-matiere.jpg"
        ],
        "country": "",
        "region": "",
        "source": "GDELT GEO 2.0",
        "location_precision": "point",
        "confidence": 0.35
      }
    },
    {
      "type": "Feature",
      "geometry": {
        "type": "Point",
        "coordinates": [
          34.8003,
          50.9216
        ]
      },
      "properties": {
        "title": "Sumy, Sums'ka Oblast', Ukraine",
        "status": "fruehwarnung",
        "date": "2026-02-01",
        "summary": "Automatisch extrahierte News-Ortsnennung (GDELT).",
        "why_it_matters": "Fallback, damit die Karte nicht leer ist. Angaben koennen falsch/ungenau sein.",
        "sources": [
          "https://cdn-img.ura.news/364/500/7cbea32e-adff-4cee-90c4-8662dd2fff8b/d77a0j/L-1200.1.9.jpg"
        ],
        "country": "",
        "region": "",
        "source": "GDELT GEO 2.0",
        "location_precision": "point",
        "confidence": 0.35
      }
    },
    {
      "type": "Feature",
      "geometry": {
        "type": "Point",
        "coordinates": [
          77.2167,
          28.6667
        ]
      },
      "properties": {
        "title": "Delhi, Delhi, India",
        "status": "fruehwarnung",
        "date": "2026-02-01",
        "summary": "Automatisch extrahierte News-Ortsnennung (GDELT).",
        "why_it_matters": "Fallback, damit die Karte nicht leer ist. Angaben koennen falsch/ungenau sein.",
        "sources": [
          "https://www.alnilin.com/wp-content/uploads/2025/09/FB_IMG_1758707402124.avif"
        ],
        "country": "",
        "region": "",
        "source": "GDELT GEO 2.0",
        "location_precision": "point",
        "confidence": 0.35
      }
    },
    {
      "type": "Feature",
      "geometry": {
        "type": "Point",
        "coordinates": [
          34.7667,
          32.0667
        ]
      },
      "properties": {
        "title": "Tel Aviv, Tel Aviv, Israel",
        "status": "fruehwarnung",
        "date": "2026-02-01",
        "summary": "Automatisch extrahierte News-Ortsnennung (GDELT).",
        "why_it_matters": "Fallback, damit die Karte nicht leer ist. Angaben koennen falsch/ungenau sein.",
        "sources": [
          "https://www.sovsekretno.ru/upload/resize_cache/iblock/590/400_400_1/qiru2y23nretjsk63vtagujqll06c8kk.webp"
        ],
        "country": "",
        "region": "",
        "source": "GDELT GEO 2.0",
        "location_precision": "point",
        "confidence": 0.35
      }
    },
    {
      "type": "Feature",
      "geometry": {
        "type": "Point",
        "coordinates": [
          32.6178,
          46.6558
        ]
      },
      "properties": {
        "title": "Kherson, Khersons'ka Oblast', Ukraine",
        "status": "fruehwarnung",
        "date": "2026-02-01",
        "summary": "Automatisch extrahierte News-Ortsnennung (GDELT).",
        "why_it_matters": "Fallback, damit die Karte nicht leer ist. Angaben koennen falsch/ungenau sein.",
        "sources": [
          "https://dnes.bg/media/files/resized/article/600x314/e48/743083c094a14f99ec09278e61340e48-1.jpeg"
        ],
        "country": "",
        "region": "",
        "source": "GDELT GEO 2.0",
        "location_precision": "point",
        "confidence": 0.35
      }
    },
    {
      "type": "Feature",
      "geometry": {
        "type": "Point",
        "coordinates": [
          39.3171,
          48.567
        ]
      },
      "properties": {
        "title": "Luhansk, Luhans'ka Oblast', Ukraine",
        "status": "fruehwarnung",
        "date": "2026-02-01",
        "summary": "Automatisch extrahierte News-Ortsnennung (GDELT).",
        "why_it_matters": "Fallback, damit die Karte nicht leer ist. Angaben koennen falsch/ungenau sein.",
        "sources": [
          "https://24tv.ua/resources/photos/news/202601/3000011.jpg?v=1769846666000"
        ],
        "country": "",
        "region": "",
        "source": "GDELT GEO 2.0",
        "location_precision": "point",
        "confidence": 0.35
      }
    },
    {
      "type": "Feature",
      "geometry": {
        "type": "Point",
        "coordinates": [
          77.2,
          28.6
        ]
      },
      "properties": {
        "title": "New Delhi, Delhi, India",
        "status": "fruehwarnung",
        "date": "2026-02-01",
        "summary": "Automatisch extrahierte News-Ortsnennung (GDELT).",
        "why_it_matters": "Fallback, damit die Karte nicht leer ist. Angaben koennen falsch/ungenau sein.",
        "sources": [
          "https://media.assettype.com/freepressjournal/2025-05-13/59vyldvn/Destroyed-Nur-Khan-Airbase"
        ],
        "country": "",
        "region": "",
        "source": "GDELT GEO 2.0",
        "location_precision": "point",
        "confidence": 0.35
      }
    },
    {
      "type": "Feature",
      "geometry": {
        "type": "Point",
        "coordinates": [
          57.0,
          21.0
        ]
      },
      "properties": {
        "title": "Oman",
        "status": "fruehwarnung",
        "date": "2026-02-01",
        "summary": "Automatisch extrahierte News-Ortsnennung (GDELT).",
        "why_it_matters": "Fallback, damit die Karte nicht leer ist. Angaben koennen falsch/ungenau sein.",
        "sources": [
          "https://media.urgente24.com/p/aa7c6c622ad84e82018627704aa49a8f/adjuntos/319/imagenes/003/383/0003383558/1200x675/smart/image.png"
        ],
        "country": "",
        "region": "",
        "source": "GDELT GEO 2.0",
        "location_precision": "point",
        "confidence": 0.35
      }
    },
    {
      "type": "Feature",
      "geometry": {
        "type": "Point",
        "coordinates": [
          98.0,
          22.0
        ]
      },
      "properties": {
        "title": "Myanmar",
        "status": "fruehwarnung",
        "date": "2026-02-01",
        "summary": "Automatisch extrahierte News-Ortsnennung (GDELT).",
        "why_it_matters": "Fallback, damit die Karte nicht leer ist. Angaben koennen falsch/ungenau sein.",
        "sources": [
          "https://www.andaluciainformacion.es/media/andaluciainformacion/images/2025/07/16/2025071620191401910846.jpg"
        ],
        "country": "",
        "region": "",
        "source": "GDELT GEO 2.0",
        "location_precision": "point",
        "confidence": 0.35
      }
    },
    {
      "type": "Feature",
      "geometry": {
        "type": "Point",
        "coordinates": [
          121.458,
          31.2222
        ]
      },
      "properties": {
        "title": "Shanghai, Shanghai, China",
        "status": "fruehwarnung",
        "date": "2026-02-01",
        "summary": "Automatisch extrahierte News-Ortsnennung (GDELT).",
        "why_it_matters": "Fallback, damit die Karte nicht leer ist. Angaben koennen falsch/ungenau sein.",
        "sources": [
          "https://images.unian.net/photos/2021_07/thumb_files/620_324_1625308935-6964.jpg?1"
        ],
        "country": "",
        "region": "",
        "source": "GDELT GEO 2.0",
        "location_precision": "point",
        "confidence": 0.35
      }
    }
  ]
}